Author,ItemID(LIsting_id),two_bundle_index,diff,only_in_one,only_in_other,in_both
Jiahao,5.23084E+11,"[2, 3]",12,"['CC06', 'XB35', 'DC13', 'DK01', 'MO01', 'UV12', 'XB07', 'YK05']","['CC07', 'XB08', 'ZG07', 'FW03']","['CC', 'XB', 'DC', 'DK', 'MO', 'UV', 'XB', 'YK', 'CC', 'XB', 'ZG', 'FW']"
Jiahao,5.21514E+11,"[2, 3]",4,"['CC06', 'CC38']","['CC07', 'CC40']","['CC', 'CC', 'CC', 'CC']"
Jiahao,5.23777E+11,[],,[],[],[]
Jiahao,5.22864E+11,"[2, 3]",14,"['CC08', 'JZ02', 'MO04', 'MO10', 'QC02', 'UV38', 'XB06']","['DC13', 'MO01', 'UV12', 'XB07', 'YK05', 'ZG18', 'CC43']","['CC', 'JZ', 'MO', 'MO', 'QC', 'UV', 'XB', 'DC', 'MO', 'UV', 'XB', 'YK', 'ZG', 'CC']"
Jiahao,5.22744E+11,"[2, 3]",15,"['CC39', 'UV01', 'WD01', 'XB35', 'YK02', 'ZG01']","['JZ02', 'MO04', 'MO10', 'QC02', 'UV39', 'XB06', 'CC40', 'GJ01', 'QT01']","['CC', 'UV', 'WD', 'XB', 'YK', 'ZG', 'JZ', 'MO', 'MO', 'QC', 'UV', 'XB', 'CC', 'GJ', 'QT']"
Jiahao,5.22145E+11,[],,[],[],[]
Jiahao,5.22098E+11,"[2, 3]",4,"['CC06', 'CC02']","['CC07', 'CC33']","['CC', 'CC', 'CC', 'CC']"
Jiahao,5.22086E+11,[],,[],[],[]
Jiahao,5.22034E+11,"[2, 3]",8,"['CC26', 'CC16', 'RG01', 'UV53']","['CC27', 'CC15', 'UV65', 'XN07']","['CC', 'CC', 'RG', 'UV', 'CC', 'CC', 'UV', 'XN']"
Jiahao,5.2187E+11,"[2, 3]",5,"['CC19', 'DC06', 'UV41']","['CC07', 'UV03']","['CC', 'DC', 'UV', 'CC', 'UV']"
Jiahao,45410114111,"[2, 3]",4,['CC20'],"['CC19', 'ND03', 'RG03']","['CC', 'CC', 'ND', 'RG']"
Jiahao,45293052304,"[2, 3]",4,['XB35'],"['DC15', 'XB63', 'ZG01']","['XB', 'DC', 'XB', 'ZG']"
Jiahao,45219159638,"[2, 3]",11,"['UV16', 'XB05', 'CC21']","['DC20', 'JB03', 'UV47', 'WD01', 'XB13', 'YK05', 'CC22', 'ZG09']","['UV', 'XB', 'CC', 'DC', 'JB', 'UV', 'WD', 'XB', 'YK', 'CC', 'ZG']"
Jiahao,44881048637,[],,[],[],[]
Jiahao,44799642380,"[2, 3]",6,"['CC07', 'PZ10', 'DC19']","['CC08', 'UV26', 'DC20']","['CC', 'PZ', 'DC', 'CC', 'UV', 'DC']"
Jiahao,44331296085,[],,[],[],[]
Jiahao,44231886556,"[2, 3]",3,['UV46'],"['DC02', 'UV04']","['UV', 'DC', 'UV']"
Jiahao,44069100271,"[2, 3]",3,['CC06'],"['PZ09', 'CC07']","['CC', 'PZ', 'CC']"
Jiahao,44021641588,"[2, 3]",4,"['CC05', 'ZG01']","['CC06', 'DC13']","['CC', 'ZG', 'CC', 'DC']"
Jiahao,43859660891,"[2, 3]",8,"['CC17', 'ND01', 'UV34']","['CC16', 'DC07', 'UV31', 'XB60', 'DC14']","['CC', 'ND', 'UV', 'CC', 'DC', 'UV', 'XB', 'DC']"
Jiahao,43853759026,"[2, 3]",7,['CC33'],"['CC02', 'FW01', 'ND01', 'XB60', 'XN01', 'YK01']","['CC', 'CC', 'FW', 'ND', 'XB', 'XN', 'YK']"
Jiahao,43736454825,"[2, 3]",15,"['CC16', 'DK05', 'UV03', 'XB06', 'XB35', 'CC19', 'DC15', 'QT01', 'MO04']","['CC39', 'DK01', 'UV57', 'XB08', 'XB69', 'ZG07']","['CC', 'DK', 'UV', 'XB', 'XB', 'CC', 'DC', 'QT', 'MO', 'CC', 'DK', 'UV', 'XB', 'XB', 'ZG']"
Jiahao,43473279886,[],,[],[],[]
Jiahao,43452978184,"[2, 3]",8,"['CC07', 'SJ04', 'SP02', 'UV01', 'XB06', 'YK01', 'ZG03']",['CC08'],"['CC', 'SJ', 'SP', 'UV', 'XB', 'YK', 'ZG', 'CC']"
Jiahao,43426870825,[],,[],[],[]
Jiahao,43168072227,"[2, 3]",15,"['CC33', 'CC38', 'CC08', 'DC15', 'FD05', 'QT14', 'SP03', 'MO01', 'UV45', 'XB06', 'XN01']","['CC04', 'RG02', 'SJ03', 'CC39']","['CC', 'CC', 'CC', 'DC', 'FD', 'QT', 'SP', 'MO', 'UV', 'XB', 'XN', 'CC', 'RG', 'SJ', 'CC']"
Jiahao,42981617542,"[2, 3]",12,['CC06'],"['CC08', 'DC15', 'FD05', 'PZ08', 'QT14', 'SP03', 'MO01', 'UV02', 'XB06', 'XN01', 'CC07']","['CC', 'CC', 'DC', 'FD', 'PZ', 'QT', 'SP', 'MO', 'UV', 'XB', 'XN', 'CC']"
Jiahao,42681494957,"[2, 3]",2,['CC38'],['CC39'],"['CC', 'CC']"
Jiahao,42468840454,"[2, 3]",12,"['CC02', 'JB01', 'JD01', 'MO02', 'PZ01', 'QC02', 'RG02', 'SJ28', 'SP02', 'UV01', 'XB07']",['CC33'],"['CC', 'JB', 'JD', 'MO', 'PZ', 'QC', 'RG', 'SJ', 'SP', 'UV', 'XB', 'CC']"
Jiahao,41802068265,"[2, 3]",10,['CC06'],"['JB01', 'JD01', 'MO02', 'PZ01', 'QC02', 'SJ28', 'UV01', 'XB07', 'CC07']","['CC', 'JB', 'JD', 'MO', 'PZ', 'QC', 'SJ', 'UV', 'XB', 'CC']"
Jiahao,41599133465,[],,[],[],[]
Jiahao,41583985792,[],,[],[],[]
Jiahao,40565901878,[],,[],[],[]
Jiahao,40452911197,"[2, 3]",2,['CC21'],['CC22'],"['CC', 'CC']"
Jiahao,40175359932,"[2, 3]",11,"['CC33', 'XB35', 'CC04']","['UV19', 'CC07', 'XB65', 'DC20', 'QT04', 'WD01', 'XB07', 'YK13']","['CC', 'XB', 'CC', 'UV', 'CC', 'XB', 'DC', 'QT', 'WD', 'XB', 'YK']"
Jiahao,40148868087,"[2, 3]",11,"['JZ02', 'DK12', 'RG02', 'FD01', 'FW15', 'CC38', 'XB06', 'UV20', 'ZG07', 'MO09', 'YK02']",[],"['JZ', 'DK', 'RG', 'FD', 'FW', 'CC', 'XB', 'UV', 'ZG', 'MO', 'YK']"
Jiahao,40112687054,[],,[],[],[]
Jiahao,39237426326,[],,[],[],[]
Jiahao,38708270318,"[2, 3]",4,['CC20'],"['CC19', 'ND03', 'RG03']","['CC', 'CC', 'ND', 'RG']"
Jiahao,38663832002,"[2, 3]",3,['CC21'],"['CC22', 'ZG09']","['CC', 'CC', 'ZG']"
Jiahao,38631814095,[],,[],[],[]
Jiahao,37994506504,"[2, 3]",4,['XB65'],"['BU01', 'CC07', 'XB06']","['XB', 'BU', 'CC', 'XB']"
Jiahao,37908516066,[],,[],[],[]
Jiahao,37870465778,[],,[],[],[]
Jiahao,37745552927,[],,[],[],[]
Jiahao,37443266749,"[2, 3]",5,"['YK01', 'CC02']","['DC08', 'SJ09', 'CC33']","['YK', 'CC', 'DC', 'SJ', 'CC']"
Jiahao,37241107923,[],,[],[],[]
Jiahao,36982442137,"[2, 3]",4,['XB65'],"['QT04', 'WD05', 'XB05']","['XB', 'QT', 'WD', 'XB']"
Jiahao,36910165248,"[2, 3]",2,['CC07'],['CC08'],"['CC', 'CC']"
Jiahao,36613205733,"[2, 3]",2,['CC21'],['CC22'],"['CC', 'CC']"
Jiahao,36574928690,[],,[],[],[]
Jiahao,36513357018,[],,[],[],[]
Jiahao,35674260254,"[2, 3]",8,[],"['DC01', 'MO08', 'BU01', 'SJ28', 'JB01', 'QC02', 'JZ03', 'CC08']","['DC', 'MO', 'BU', 'SJ', 'JB', 'QC', 'JZ', 'CC']"
Jiahao,35557065616,[],,[],[],[]
Jiahao,35540978058,[],,[],[],[]
Jiahao,27462844289,"[2, 3]",9,"['BU01', 'CC33', 'JB01', 'QC02']","['CC04', 'PZ01', 'QT03', 'RG02', 'SJ01']","['BU', 'CC', 'JB', 'QC', 'CC', 'PZ', 'QT', 'RG', 'SJ']"
Jiahao,26519380192,"[2, 3]",6,"['DK06', 'XB07', 'CC02']","['DK15', 'QT01', 'XB70']","['DK', 'XB', 'CC', 'DK', 'QT', 'XB']"
Jiahao,25673844634,[],,[],[],[]
Jiahao,24596036343,"[2, 3]",7,"['CC22', 'UV34', 'XB21']","['CC07', 'UV03', 'XB50', 'DC07']","['CC', 'UV', 'XB', 'CC', 'UV', 'XB', 'DC']"
Jiahao,24319152517,"[2, 3]",10,"['MS01', 'SJ18', 'SP01', 'MO12', 'UV01', 'XB07', 'XN09', 'YK01', 'ZG01']",['DC07'],"['MS', 'SJ', 'SP', 'MO', 'UV', 'XB', 'XN', 'YK', 'ZG', 'DC']"
Jiahao,24291960195,"[2, 3]",16,"['CC39', 'DK01', 'FD01', 'FP01', 'MO01', 'QT14', 'RG01']","['MS01', 'SJ18', 'SP01', 'MO12', 'UV01', 'XB07', 'XN09', 'YK01', 'ZG01']","['CC', 'DK', 'FD', 'FP', 'MO', 'QT', 'RG', 'MS', 'SJ', 'SP', 'MO', 'UV', 'XB', 'XN', 'YK', 'ZG']"
Jiahao,23969324559,"[2, 3]",5,['CC07'],"['CC40', 'FP01', 'QT14', 'CC08,CC40,CC46,CC47']","['CC', 'CC', 'FP', 'QT', 'CC']"
Jiahao,23924620234,[],,[],[],[]
Jiahao,23896264169,"[2, 3]",3,"['CC02', 'SJ01']",['CC33'],"['CC', 'SJ', 'CC']"
Jiahao,20728727154,"[2, 3]",2,['CC02'],['CC33'],"['CC', 'CC']"
Jiahao,20373091017,[],,[],[],[]
Jiahao,20186366493,"[2, 3]",8,"['CC07', 'CC06', 'XB35']","['CC08', 'CC05', 'XB05', 'DC21', 'MO09']","['CC', 'CC', 'XB', 'CC', 'CC', 'XB', 'DC', 'MO']"
Jiahao,20167630571,[],,[],[],[]
Jiahao,19999809846,"[2, 3]",4,"['CC06', 'CC02']","['CC07', 'CC33']","['CC', 'CC', 'CC', 'CC']"
Jiahao,18999829018,[],,[],[],[]
Jiahao,18820622609,[],,[],[],[]
Jiahao,18352298789,"[2, 3]",2,[],"['BU01', 'CC07']","['BU', 'CC']"
Jiahao,18053093587,"[2, 3]",3,"['CC08,CC40,CC46,CC47']","['CC07', 'DC21']","['CC', 'CC', 'DC']"
Jiahao,16831203027,"[2, 3]",22,"['CC33', 'FD05', 'MO16', 'FH03', 'SJ23', 'QC02', 'FW15', 'FW16', 'CC06', 'XB35', 'MO15', 'ZG18', 'UV12', 'SP02', 'FD01', 'JB01', 'DK09']","['CC02', 'XN01', 'YK01', 'XB60', 'ND01']","['CC', 'FD', 'MO', 'FH', 'SJ', 'QC', 'FW', 'FW', 'CC', 'XB', 'MO', 'ZG', 'UV', 'SP', 'FD', 'JB', 'DK', 'CC', 'XN', 'YK', 'XB', 'ND']"
Jiahao,5.23084E+11,"[3, 4]",5,"['CC07', 'XB08', 'CC16']","['CC08', 'XB09']","['CC', 'XB', 'CC', 'CC', 'XB']"
Jiahao,5.21514E+11,"[3, 4]",17,"['BU01', 'CC07', 'JC04', 'JD02', 'MO05', 'UV01', 'WJ01', 'XB07', 'ZG01', 'CC40']","['CC06', 'GJ02', 'DC03', 'DC02', 'GJ04', 'PZ08', 'SJ29']","['BU', 'CC', 'JC', 'JD', 'MO', 'UV', 'WJ', 'XB', 'ZG', 'CC', 'CC', 'GJ', 'DC', 'DC', 'GJ', 'PZ', 'SJ']"
Jiahao,5.23777E+11,[],,[],[],[]
Jiahao,5.22864E+11,"[3, 4]",6,"['DC13', 'CC43', 'DC20']","['CC16', 'DC02', 'QT15']","['DC', 'CC', 'DC', 'CC', 'DC', 'QT']"
Jiahao,5.22744E+11,"[3, 4]",27,"['JZ02', 'MO04', 'MO10', 'QC02', 'UV39', 'XB06', 'CC40', 'CC07', 'DK09', 'FD01', 'FD05', 'MO09', 'FW15', 'FW07', 'GJ01', 'JC06', 'JC08', 'JZ01', 'LP01', 'MO05', 'ND01', 'QT01', 'QT07', 'QT17', 'RG01']","['CC38', 'DC20']","['JZ', 'MO', 'MO', 'QC', 'UV', 'XB', 'CC', 'CC', 'DK', 'FD', 'FD', 'MO', 'FW', 'FW', 'GJ', 'JC', 'JC', 'JZ', 'LP', 'MO', 'ND', 'QT', 'QT', 'QT', 'RG', 'CC', 'DC']"
Jiahao,5.22145E+11,"[3, 4]",21,[],"['CC06', 'DC21', 'DK09', 'FD01', 'FD05', 'MO09', 'FW15', 'FW07', 'GJ01', 'JC06', 'JC08', 'JZ01', 'LP01', 'MO05', 'ND01', 'QT01', 'QT07', 'QT17', 'RG01', 'SJ02', 'XN06']","['CC', 'DC', 'DK', 'FD', 'FD', 'MO', 'FW', 'FW', 'GJ', 'JC', 'JC', 'JZ', 'LP', 'MO', 'ND', 'QT', 'QT', 'QT', 'RG', 'SJ', 'XN']"
Jiahao,5.22098E+11,"[3, 4]",13,"['CC07', 'WD01', 'CC33', 'JP04', 'MO06', 'QT04', 'SJ01', 'SP01', 'UV01', 'XN07', 'ZG03']","['CC08', 'CC01']","['CC', 'WD', 'CC', 'JP', 'MO', 'QT', 'SJ', 'SP', 'UV', 'XN', 'ZG', 'CC', 'CC']"
Jiahao,5.22086E+11,[],,[],[],[]
Jiahao,5.22034E+11,"[3, 4]",12,"['CC27', 'DC19', 'MO12', 'QT10', 'UV59', 'XB06', 'YK10', 'DC22', 'UV65']","['DC21', 'SJ15', 'UV03']","['CC', 'DC', 'MO', 'QT', 'UV', 'XB', 'YK', 'DC', 'UV', 'DC', 'SJ', 'UV']"
Jiahao,5.2187E+11,"[3, 4]",2,[],"['DC02', 'WD05']","['DC', 'WD']"
Jiahao,45410114111,"[3, 4]",8,"['DC14', 'UV36', 'XB05']","['DC02', 'GJ03', 'UV54', 'WD04', 'XB06']","['DC', 'UV', 'XB', 'DC', 'GJ', 'UV', 'WD', 'XB']"
Jiahao,45293052304,"[3, 4]",5,"['DC15', 'UV36', 'XB63', 'ZG01']",['DC02'],"['DC', 'UV', 'XB', 'ZG', 'DC']"
Jiahao,45219159638,"[3, 4]",12,"['CC16', 'DC20', 'XB13', 'CC22', 'MO03']","['XB63', 'ZG01', 'CC31', 'DC02', 'XB26', 'CC23', 'FH02']","['CC', 'DC', 'XB', 'CC', 'MO', 'XB', 'ZG', 'CC', 'DC', 'XB', 'CC', 'FH']"
Jiahao,44881048637,[],,[],[],[]
Jiahao,44799642380,"[3, 4]",8,"['UV26', 'XB44', 'DK12', 'DC20']","['CC43', 'UV27', 'XB39', 'DC02']","['UV', 'XB', 'DK', 'DC', 'CC', 'UV', 'XB', 'DC']"
Jiahao,44331296085,[],,[],[],[]
Jiahao,44231886556,"[3, 4]",2,['CC07'],['CC08'],"['CC', 'CC']"
Jiahao,44069100271,"[3, 4]",6,"['CC45', 'UV21', 'CC07']","['CC46', 'UV22', 'CC08']","['CC', 'UV', 'CC', 'CC', 'UV', 'CC']"
Jiahao,44021641588,[],,[],[],[]
Jiahao,43859660891,"[3, 4]",19,"['DK09', 'MO16', 'JB01', 'FC01', 'FP02', 'DC14', 'JC02', 'EJ01', 'YD01']","['CC07', 'DC13', 'QT01', 'SP01', 'JD03', 'UV29', 'WD01', 'XB21', 'YK01', 'CC15']","['DK', 'MO', 'JB', 'FC', 'FP', 'DC', 'JC', 'EJ', 'YD', 'CC', 'DC', 'QT', 'SP', 'JD', 'UV', 'WD', 'XB', 'YK', 'CC']"
Jiahao,43853759026,"[3, 4]",12,['CC02'],"['DK09', 'MO16', 'JB01', 'FC01', 'FP02', 'DC14', 'RG03', 'JC02', 'EJ01', 'YD01', 'CC33']","['CC', 'DK', 'MO', 'JB', 'FC', 'FP', 'DC', 'RG', 'JC', 'EJ', 'YD', 'CC']"
Jiahao,43736454825,"[3, 4]",11,"['BU04', 'CC39', 'CC07', 'DK08', 'MO02', 'RG02', 'UV57', 'WD01', 'XB69', 'YK01']",['CC08'],"['BU', 'CC', 'CC', 'DK', 'MO', 'RG', 'UV', 'WD', 'XB', 'YK', 'CC']"
Jiahao,43473279886,[],,[],[],[]
Jiahao,43452978184,[],,[],[],[]
Jiahao,43426870825,"[3, 4]",11,[],"['BU01', 'CC06', 'DC21', 'DK01', 'FD01', 'FW08', 'FW14', 'MO06', 'ND01', 'QT01', 'RG02']","['BU', 'CC', 'DC', 'DK', 'FD', 'FW', 'FW', 'MO', 'ND', 'QT', 'RG']"
Jiahao,43168072227,"[3, 4]",10,"['DC12', 'CC39']","['DC01', 'GJ01', 'SP01', 'WJ01', 'XN07', 'CC46', 'PZ08', 'XN01']","['DC', 'CC', 'DC', 'GJ', 'SP', 'WJ', 'XN', 'CC', 'PZ', 'XN']"
Jiahao,42981617542,"[3, 4]",10,"['DC15', 'FD05', 'QT14', 'SP03', 'MO01', 'UV02', 'XB06', 'XN07', 'ZG01', 'CC07']",[],"['DC', 'FD', 'QT', 'SP', 'MO', 'UV', 'XB', 'XN', 'ZG', 'CC']"
Jiahao,42681494957,"[3, 4]",4,['CC39'],"['CC40', 'XN01', 'PZ08']","['CC', 'CC', 'XN', 'PZ']"
Jiahao,42468840454,"[3, 4]",4,"['CC33', 'BU01', 'FW18']",['CC04'],"['CC', 'BU', 'FW', 'CC']"
Jiahao,41802068265,"[3, 4]",13,"['SJ28', 'CC07', 'FW11', 'MO06', 'PZ08', 'QT04', 'QT07', 'UV20', 'XB06', 'XN01', 'YK01']","['BU01', 'CC01']","['SJ', 'CC', 'FW', 'MO', 'PZ', 'QT', 'QT', 'UV', 'XB', 'XN', 'YK', 'BU', 'CC']"
Jiahao,41599133465,[],,[],[],[]
Jiahao,41583985792,[],,[],[],[]
Jiahao,40565901878,[],,[],[],[]
Jiahao,40452911197,"[3, 4]",2,['CC22'],['CC23'],"['CC', 'CC']"
Jiahao,40175359932,"[3, 4]",20,"['JZ01', 'MO06', 'ZG01', 'SP01', 'BU01', 'DK15', 'QC02', 'UV19', 'CC07', 'XB65', 'DC20', 'RG01', 'UV20', 'WD01', 'XB07', 'XN07', 'YK13']","['CC33', 'DC10', 'GJ04']","['JZ', 'MO', 'ZG', 'SP', 'BU', 'DK', 'QC', 'UV', 'CC', 'XB', 'DC', 'RG', 'UV', 'WD', 'XB', 'XN', 'YK', 'CC', 'DC', 'GJ']"
Jiahao,40148868087,"[3, 4]",13,"['QT04', 'MO01', 'ND01', 'FD05', 'SP02']","['RG01', 'SJ28', 'SP01', 'UV20', 'XB07', 'XN07', 'YK13', 'ZG01']","['QT', 'MO', 'ND', 'FD', 'SP', 'RG', 'SJ', 'SP', 'UV', 'XB', 'XN', 'YK', 'ZG']"
Jiahao,40112687054,[],,[],[],[]
Jiahao,39237426326,"[3, 4]",12,"['CC07', 'GJ04']","['QT04', 'MO01', 'WD01', 'ND01', 'FD05', 'SP02', 'JZ02', 'CC38', 'SJ02', 'DC21']","['CC', 'GJ', 'QT', 'MO', 'WD', 'ND', 'FD', 'SP', 'JZ', 'CC', 'SJ', 'DC']"
Jiahao,38708270318,"[3, 4]",16,"['DC05', 'DZ01', 'FD01', 'JB01', 'ND03', 'QC02', 'RG03', 'SP01', 'MO15', 'UV36', 'XB05', 'XN01', 'YD01', 'YK01', 'ZG07']",['DC02'],"['DC', 'DZ', 'FD', 'JB', 'ND', 'QC', 'RG', 'SP', 'MO', 'UV', 'XB', 'XN', 'YD', 'YK', 'ZG', 'DC']"
Jiahao,38663832002,"[3, 4]",19,"['CC22', 'MO03']","['DZ01', 'GJ03', 'ND03', 'QC02', 'RG03', 'SP01', 'MO15', 'UV54', 'WD04', 'XB06', 'XN01', 'YD01', 'YK01', 'ZG07', 'CC23', 'FH02', 'YK05']","['CC', 'MO', 'DZ', 'GJ', 'ND', 'QC', 'RG', 'SP', 'MO', 'UV', 'WD', 'XB', 'XN', 'YD', 'YK', 'ZG', 'CC', 'FH', 'YK']"
Jiahao,38631814095,[],,[],[],[]
Jiahao,37994506504,"[3, 4]",9,"['CC07', 'DK01']","['CC06', 'DC07', 'DK09', 'ND01', 'QT04', 'SJ01', 'UV03']","['CC', 'DK', 'CC', 'DC', 'DK', 'ND', 'QT', 'SJ', 'UV']"
Jiahao,37908516066,[],,[],[],[]
Jiahao,37870465778,[],,[],[],[]
Jiahao,37745552927,[],,[],[],[]
Jiahao,37443266749,"[3, 4]",7,"['DC08', 'CC39', 'CC33']","['DC07', 'CC40', 'YK01', 'CC02']","['DC', 'CC', 'CC', 'DC', 'CC', 'YK', 'CC']"
Jiahao,37241107923,[],,[],[],[]
Jiahao,36982442137,"[3, 4]",4,['SJ01'],"['DC13', 'GJ04', 'SJ02']","['SJ', 'DC', 'GJ', 'SJ']"
Jiahao,36910165248,"[3, 4]",3,['CC08'],"['CC06', 'DC08']","['CC', 'CC', 'DC']"
Jiahao,36613205733,"[3, 4]",3,"['CC22', 'JZ02']",['CC23'],"['CC', 'JZ', 'CC']"
Jiahao,36574928690,[],,[],[],[]
Jiahao,36513357018,[],,[],[],[]
Jiahao,35674260254,"[3, 4]",3,['CC07'],"['CC06', 'DC08']","['CC', 'CC', 'DC']"
Jiahao,35557065616,[],,[],[],[]
Jiahao,35540978058,[],,[],[],[]
Jiahao,27462844289,"[3, 4]",8,"['FW02', 'PZ01', 'UV01', 'WD01', 'XB07', 'ZG01']","['FW01', 'GJ01']","['FW', 'PZ', 'UV', 'WD', 'XB', 'ZG', 'FW', 'GJ']"
Jiahao,26519380192,"[3, 4]",10,"['CC33', 'DC10', 'DK15', 'QT01', 'SJ01', 'XB70']","['WJ01', 'XB07', 'XN07', 'CC04']","['CC', 'DC', 'DK', 'QT', 'SJ', 'XB', 'WJ', 'XB', 'XN', 'CC']"
Jiahao,25673844634,[],,[],[],[]
Jiahao,24596036343,"[3, 4]",8,"['CC07', 'MO12', 'BU01', 'CC02']","['CC08', 'DK01', 'QT01', 'SJ03']","['CC', 'MO', 'BU', 'CC', 'CC', 'DK', 'QT', 'SJ']"
Jiahao,24319152517,"[3, 4]",7,"['BD05', 'CC02', 'CD02', 'DC07', 'DC10']","['MO12', 'CC33']","['BD', 'CC', 'CD', 'DC', 'DC', 'MO', 'CC']"
Jiahao,24291960195,"[3, 4]",6,[],"['BD05', 'BU01', 'CC33', 'CD02', 'DC07', 'DC10']","['BD', 'BU', 'CC', 'CD', 'DC', 'DC']"
Jiahao,23969324559,"[3, 4]",15,"['CC40', 'CC08,CC40,CC46,CC47', 'QT04', 'SP01', 'UV20', 'WJ01', 'XN01', 'XN07', 'YD02', 'YK13']","['CC38', 'DC01', 'FW15', 'CC07', 'DC21']","['CC', 'CC', 'QT', 'SP', 'UV', 'WJ', 'XN', 'XN', 'YD', 'YK', 'CC', 'DC', 'FW', 'CC', 'DC']"
Jiahao,23924620234,"[3, 4]",18,['CC05'],"['PZ08', 'QT04', 'RG01', 'SJ07', 'SP01', 'UV20', 'WD01', 'WJ01', 'XB07', 'XN01', 'XN07', 'YD02', 'YK13', 'ZG01', 'JZ01', 'BU04', 'CC06']","['CC', 'PZ', 'QT', 'RG', 'SJ', 'SP', 'UV', 'WD', 'WJ', 'XB', 'XN', 'XN', 'YD', 'YK', 'ZG', 'JZ', 'BU', 'CC']"
Jiahao,23896264169,"[3, 4]",6,"['CC33', 'MO06']","['SJ01', 'CC01', 'DC04', 'SJ07']","['CC', 'MO', 'SJ', 'CC', 'DC', 'SJ']"
Jiahao,20728727154,"[3, 4]",2,['CC33'],['CC04'],"['CC', 'CC']"
Jiahao,20373091017,[],,[],[],[]
Jiahao,20186366493,"[3, 4]",12,"['CC05', 'FD05', 'FD01', 'SP02', 'QT01', 'SJ28', 'JC05', 'DC21', 'MO09']","['DC08', 'UV58', 'CC06']","['CC', 'FD', 'FD', 'SP', 'QT', 'SJ', 'JC', 'DC', 'MO', 'DC', 'UV', 'CC']"
Jiahao,20167630571,[],,[],[],[]
Jiahao,19999809846,"[3, 4]",12,"['CC07', 'CC33', 'QC02', 'QT07', 'RG01', 'SJ28', 'XB21', 'XN01', 'ZG01']","['CC08', 'DC21', 'CC04']","['CC', 'CC', 'QC', 'QT', 'RG', 'SJ', 'XB', 'XN', 'ZG', 'CC', 'DC', 'CC']"
Jiahao,18999829018,[],,[],[],[]
Jiahao,18820622609,[],,[],[],[]
Jiahao,18352298789,"[3, 4]",2,['CC07'],['CC08'],"['CC', 'CC']"
Jiahao,18053093587,"[3, 4]",0,[],[],[]
Jiahao,16831203027,"[3, 4]",4,"['CC02', 'JZ01', 'BU04']",['CC33'],"['CC', 'JZ', 'BU', 'CC']"
Jiahao,5.23084E+11,"[4, 5]",5,['CC08'],"['CC07', 'DC15', 'YK04', 'SJ25']","['CC', 'CC', 'DC', 'YK', 'SJ']"
Jiahao,5.21514E+11,"[4, 5]",7,"['CC06', 'GJ02', 'DC03', 'DK07', 'FW11', 'FW19']",['CC38'],"['CC', 'GJ', 'DC', 'DK', 'FW', 'FW', 'CC']"
Jiahao,5.23777E+11,"[4, 5]",8,[],"['BU01', 'CC07', 'GJ02', 'DC03', 'DK07', 'FD01', 'FW11', 'FW19']","['BU', 'CC', 'GJ', 'DC', 'DK', 'FD', 'FW', 'FW']"
Jiahao,5.22864E+11,"[4, 5]",4,"['CC16', 'DC02']","['CC13', 'DC13']","['CC', 'DC', 'CC', 'DC']"
Jiahao,5.22744E+11,"[4, 5]",2,['CC38'],['CC39'],"['CC', 'CC']"
Jiahao,5.22145E+11,"[4, 5]",3,['CC06'],"['BJ02', 'CC07']","['CC', 'BJ', 'CC']"
Jiahao,5.22098E+11,"[4, 5]",6,"['CC01', 'DK06', 'FW01', 'FW08']","['SJ01', 'WD01']","['CC', 'DK', 'FW', 'FW', 'SJ', 'WD']"
Jiahao,5.22086E+11,"[4, 5]",7,[],"['CC02', 'DC07', 'DK06', 'FD01', 'FW01', 'FW08', 'SJ01']","['CC', 'DC', 'DK', 'FD', 'FW', 'FW', 'SJ']"
Jiahao,5.22034E+11,"[4, 5]",8,"['DC21', 'DK13', 'UV03', 'XB52']","['DC01', 'RG01', 'UV51', 'XB54']","['DC', 'DK', 'UV', 'XB', 'DC', 'RG', 'UV', 'XB']"
Jiahao,5.2187E+11,"[4, 5]",5,"['CC07', 'UV03']","['CC08', 'SJ29', 'UV43']","['CC', 'UV', 'CC', 'SJ', 'UV']"
Jiahao,45410114111,"[4, 5]",2,['CC19'],['CC18'],"['CC', 'CC']"
Jiahao,45293052304,"[4, 5]",11,"['CC29', 'DC02', 'DK01', 'MO11']","['UV54', 'WD04', 'XB06', 'XN01', 'YD01', 'YK01', 'ZG07']","['CC', 'DC', 'DK', 'MO', 'UV', 'WD', 'XB', 'XN', 'YD', 'YK', 'ZG']"
Jiahao,45219159638,"[4, 5]",10,"['CC23', 'DC08']","['CC29', 'DC15', 'DK01', 'MO11', 'UV54', 'SJ11', 'CC19', 'DC09']","['CC', 'DC', 'CC', 'DC', 'DK', 'MO', 'UV', 'SJ', 'CC', 'DC']"
Jiahao,44881048637,[],,[],[],[]
Jiahao,44799642380,"[4, 5]",21,"['BU01', 'CC43', 'FW01', 'FW07', 'JB01', 'JZ03', 'LP02', 'MO01', 'MO02', 'SP02', 'UV01', 'XB07', 'XN01', 'XN07', 'ZG01', 'UV27', 'XB39']","['UV24', 'XB40', 'QT04', 'SJ10']","['BU', 'CC', 'FW', 'FW', 'JB', 'JZ', 'LP', 'MO', 'MO', 'SP', 'UV', 'XB', 'XN', 'XN', 'ZG', 'UV', 'XB', 'UV', 'XB', 'QT', 'SJ']"
Jiahao,44331296085,[],,[],[],[]
Jiahao,44231886556,"[4, 5]",7,"['CC08', 'XB05', 'YK02', 'ZG03']","['CC07', 'PZ03', 'SJ01']","['CC', 'XB', 'YK', 'ZG', 'CC', 'PZ', 'SJ']"
Jiahao,44069100271,"[4, 5]",9,"['DC15', 'PZ09', 'CC08']","['XB19', 'YK02', 'ZG03', 'DC01', 'PZ02', 'CC06']","['DC', 'PZ', 'CC', 'XB', 'YK', 'ZG', 'DC', 'PZ', 'CC']"
Jiahao,44021641588,[],,[],[],[]
Jiahao,43859660891,"[4, 5]",9,"['CC07', 'CC16', 'XB36', 'ZG07', 'UV36', 'SP02', 'QC02', 'YK02']",['CC08'],"['CC', 'CC', 'XB', 'ZG', 'UV', 'SP', 'QC', 'YK', 'CC']"
Jiahao,43853759026,"[4, 5]",17,"['DC14', 'EJ01', 'CC33']","['CC16', 'XB36', 'ZG07', 'UV54', 'SP02', 'FD01', 'QC02', 'YK02', 'BU01', 'MO01', 'DC02', 'WD04', 'EJ02', 'CC04']","['DC', 'EJ', 'CC', 'CC', 'XB', 'ZG', 'UV', 'SP', 'FD', 'QC', 'YK', 'BU', 'MO', 'DC', 'WD', 'EJ', 'CC']"
Jiahao,43736454825,"[4, 5]",12,"['CC08', 'UV62', 'XB08', 'ZG07']","['CC07', 'DC15', 'FW02', 'SJ01', 'UV63', 'XB09', 'YK04', 'ZG01']","['CC', 'UV', 'XB', 'ZG', 'CC', 'DC', 'FW', 'SJ', 'UV', 'XB', 'YK', 'ZG']"
Jiahao,43473279886,[],,[],[],[]
Jiahao,43452978184,[],,[],[],[]
Jiahao,43426870825,"[4, 5]",2,['CC06'],['CC07'],"['CC', 'CC']"
Jiahao,43168072227,"[4, 5]",16,"['CC04', 'GJ01', 'RG02', 'SJ03', 'SP01', 'UV01', 'WJ01', 'XN07', 'CC46', 'PZ08', 'XN01']","['CC02', 'SJ06', 'XB06', '', 'CC05']","['CC', 'GJ', 'RG', 'SJ', 'SP', 'UV', 'WJ', 'XN', 'CC', 'PZ', 'XN', 'CC', 'SJ', 'XB', '', 'CC']"
Jiahao,42981617542,"[4, 5]",5,"['CC08', 'PZ08', 'XN01']","['CC05', 'DC01']","['CC', 'PZ', 'XN', 'CC', 'DC']"
Jiahao,42681494957,"[4, 5]",15,"['CC40', 'XN01', 'PZ08', 'XB07', 'DK01', 'MO07', 'UV20', 'ZG03', 'YK01', 'RG01', 'WD01', 'FD01', 'QT01', 'SP02']",['CC05'],"['CC', 'XN', 'PZ', 'XB', 'DK', 'MO', 'UV', 'ZG', 'YK', 'RG', 'WD', 'FD', 'QT', 'SP', 'CC']"
Jiahao,42468840454,"[4, 5]",16,"['CC04', 'DC10', 'FW20', 'JZ03', 'MO01', 'ND03', 'QT04', 'XB04', 'ZG01']","['DC01', 'XB07', 'MO07', 'ZG03', 'RG01', 'QT01', 'SP02']","['CC', 'DC', 'FW', 'JZ', 'MO', 'ND', 'QT', 'XB', 'ZG', 'DC', 'XB', 'MO', 'ZG', 'RG', 'QT', 'SP']"
Jiahao,41802068265,"[4, 5]",2,['CC01'],['CC02'],"['CC', 'CC']"
Jiahao,41599133465,[],,[],[],[]
Jiahao,41583985792,[],,[],[],[]
Jiahao,40565901878,"[4, 5]",17,[],"['CC06', 'DC01', 'DK01', 'FD01', 'FW11', 'FW18', 'MO06', 'PZ08', 'QT04', 'QT07', 'RG02', 'SJ07', 'SP02', 'UV20', 'WD01', 'XB06', 'XN01']","['CC', 'DC', 'DK', 'FD', 'FW', 'FW', 'MO', 'PZ', 'QT', 'QT', 'RG', 'SJ', 'SP', 'UV', 'WD', 'XB', 'XN']"
Jiahao,40452911197,"[4, 5]",7,['CC23'],"['QT02', 'CC24', 'DC21', 'JB01', 'QC02', 'QT19']","['CC', 'QT', 'CC', 'DC', 'JB', 'QC', 'QT']"
Jiahao,40175359932,[],,[],[],[]
Jiahao,40148868087,"[4, 5]",10,[],"['CC04', 'DC10', 'DK01', 'FD01', 'FD05', 'MO09', 'GJ04', 'MO01', 'ND01', 'QT04']","['CC', 'DC', 'DK', 'FD', 'FD', 'MO', 'GJ', 'MO', 'ND', 'QT']"
Jiahao,40112687054,[],,[],[],[]
Jiahao,39237426326,"[4, 5]",2,['CC38'],['CC07'],"['CC', 'CC']"
Jiahao,38708270318,[],,[],[],[]
Jiahao,38663832002,"[4, 5]",8,"['CC23', 'DC08']","['BU01', 'CC15', 'DC02', 'DK01', 'CC19', 'DC09']","['CC', 'DC', 'BU', 'CC', 'DC', 'DK', 'CC', 'DC']"
Jiahao,38631814095,[],,[],[],[]
Jiahao,37994506504,"[4, 5]",2,['CC06'],['CC07'],"['CC', 'CC']"
Jiahao,37908516066,[],,[],[],[]
Jiahao,37870465778,[],,[],[],[]
Jiahao,37745552927,[],,[],[],[]
Jiahao,37443266749,"[4, 5]",11,"['CC21', 'CC40', 'FD01', 'JZ03', 'MO08', 'SJ09', 'UV10', 'YK01', 'ZG01', 'CC02']",['CC22'],"['CC', 'CC', 'FD', 'JZ', 'MO', 'SJ', 'UV', 'YK', 'ZG', 'CC', 'CC']"
Jiahao,37241107923,[],,[],[],[]
Jiahao,36982442137,"[4, 5]",2,['CC07'],['CC08'],"['CC', 'CC']"
Jiahao,36910165248,"[4, 5]",10,"['CC06', 'RG02', 'MO04', 'UV03', 'WD01', 'XB07', 'XN01', 'YK01', 'ZG21']",['CC07'],"['CC', 'RG', 'MO', 'UV', 'WD', 'XB', 'XN', 'YK', 'ZG', 'CC']"
Jiahao,36613205733,"[4, 5]",15,"['CC23', 'DK14', 'QT07', 'MO06', 'UV01', 'FD01', 'ZG03', 'QC02', 'JB01', 'SJ02', 'ND01']","['RG02', 'MO04', 'UV03', 'ZG21']","['CC', 'DK', 'QT', 'MO', 'UV', 'FD', 'ZG', 'QC', 'JB', 'SJ', 'ND', 'RG', 'MO', 'UV', 'ZG']"
Jiahao,36574928690,"[4, 5]",16,[],"['DC01', 'CC24', 'DK14', 'XB07', 'XN01', 'QT07', 'MO06', 'UV01', 'YK01', 'FD01', 'ZG03', 'WD01', 'QC02', 'JB01', 'SJ02', 'ND01']","['DC', 'CC', 'DK', 'XB', 'XN', 'QT', 'MO', 'UV', 'YK', 'FD', 'ZG', 'WD', 'QC', 'JB', 'SJ', 'ND']"
Jiahao,36513357018,[],,[],[],[]
Jiahao,35674260254,"[4, 5]",28,"['CC08', 'DC01', 'XB07', 'MO08', 'DK01', 'BU01', 'SJ28', 'JB01', 'QC02', 'JZ03', 'FD01', 'SP01', 'YK01', 'UV01', 'ZG01', 'GJ01', 'DZ02', 'JC06', 'MO01', 'ND01', 'QT14', 'RG02', 'UV03', 'WD01', 'XN01', 'ZG07']","['CC07', 'DC02']","['CC', 'DC', 'XB', 'MO', 'DK', 'BU', 'SJ', 'JB', 'QC', 'JZ', 'FD', 'SP', 'YK', 'UV', 'ZG', 'GJ', 'DZ', 'JC', 'MO', 'ND', 'QT', 'RG', 'UV', 'WD', 'XN', 'ZG', 'CC', 'DC']"
Jiahao,35557065616,[],,[],[],[]
Jiahao,35540978058,[],,[],[],[]
Jiahao,27462844289,[],,[],[],[]
Jiahao,26519380192,"[4, 5]",23,"['SP01', 'UV01', 'WD01', 'WJ01', 'XB07', 'XN07', 'ZG01', 'CC04', 'FD01', 'JB01', 'JZ02', 'MO02', 'ND01', 'QC02', 'QT07', 'RG01', 'SJ28', 'XB21', 'XN01', 'YK01']","['BJ01', 'CC01', 'DC01']","['SP', 'UV', 'WD', 'WJ', 'XB', 'XN', 'ZG', 'CC', 'FD', 'JB', 'JZ', 'MO', 'ND', 'QC', 'QT', 'RG', 'SJ', 'XB', 'XN', 'YK', 'BJ', 'CC', 'DC']"
Jiahao,25673844634,[],,[],[],[]
Jiahao,24596036343,[],,[],[],[]
Jiahao,24319152517,[],,[],[],[]
Jiahao,24291960195,[],,[],[],[]
Jiahao,23969324559,"[4, 5]",10,"['CC38', 'BU01', 'CC07', 'DC21', 'FD07', 'FH04', 'FW06', 'FW07', 'ND01']",['CC39'],"['CC', 'BU', 'CC', 'DC', 'FD', 'FH', 'FW', 'FW', 'ND', 'CC']"
Jiahao,23924620234,"[4, 5]",15,"['SJ07', 'SJ23', 'CC06']","['BU01', 'CC08,CC40,CC46,CC47', 'DC21', 'DK01', 'FD07', 'FH04', 'FW06', 'FW07', 'MO01', 'ND01', 'SJ03', 'CC07']","['SJ', 'SJ', 'CC', 'BU', 'CC', 'DC', 'DK', 'FD', 'FH', 'FW', 'FW', 'MO', 'ND', 'SJ', 'CC']"
Jiahao,23896264169,"[4, 5]",4,"['SJ01', 'CC01']","['MO06', 'CC02']","['SJ', 'CC', 'MO', 'CC']"
Jiahao,20728727154,"[4, 5]",7,"['CC04', 'SJ02']","['CC01', 'DC01', 'BJ01', 'PZ01', 'SJ03']","['CC', 'SJ', 'CC', 'DC', 'BJ', 'PZ', 'SJ']"
Jiahao,20373091017,[],,[],[],[]
Jiahao,20186366493,"[4, 5]",9,"['DC08', 'CC06', 'XB05', 'UV12', 'JZ02', 'BU01', 'XN04', 'ZG01']",['DC01'],"['DC', 'CC', 'XB', 'UV', 'JZ', 'BU', 'XN', 'ZG', 'DC']"
Jiahao,20167630571,"[4, 5]",9,[],"['CC07', 'XB05', 'UV12', 'DK01', 'JZ02', 'MO02', 'BU01', 'XN04', 'ZG01']","['CC', 'XB', 'UV', 'DK', 'JZ', 'MO', 'BU', 'XN', 'ZG']"
Jiahao,19999809846,"[4, 5]",7,"['CC08', 'CC04', 'DK14', 'JB01', 'JZ02', 'MO02']",['CC01'],"['CC', 'CC', 'DK', 'JB', 'JZ', 'MO', 'CC']"
Jiahao,18999829018,"[4, 5]",7,[],"['CC01', 'DC01', 'DK14', 'FD01', 'JB01', 'JZ02', 'MO02']","['CC', 'DC', 'DK', 'FD', 'JB', 'JZ', 'MO']"
Jiahao,18820622609,[],,[],[],[]
Jiahao,18352298789,[],,[],[],[]
Jiahao,18053093587,"[4, 5]",2,['DC21'],['DC01'],"['DC', 'DC']"
Jiahao,16831203027,"[4, 5]",3,['CC33'],"['CC04', 'SJ23']","['CC', 'CC', 'SJ']"
Jiahao,5.23084E+11,"[5, 6]",2,['CC07'],['CC08'],"['CC', 'CC']"
Jiahao,5.21514E+11,"[5, 6]",12,"['CC38', 'SJ29', 'SP02', 'MO17', 'JD03', 'UV02', 'WD01', 'XB05', 'XN01', 'YK01']","['YK02', 'CC40']","['CC', 'SJ', 'SP', 'MO', 'JD', 'UV', 'WD', 'XB', 'XN', 'YK', 'YK', 'CC']"
Jiahao,5.23777E+11,"[5, 6]",6,"['CC07', 'DC03']","['CC06', 'DC02', 'ND01', 'PZ06']","['CC', 'DC', 'CC', 'DC', 'ND', 'PZ']"
Jiahao,5.22864E+11,"[5, 6]",4,"['CC13', 'DC13']","['CC15', 'DC02']","['CC', 'DC', 'CC', 'DC']"
Jiahao,5.22744E+11,"[5, 6]",2,['CC39'],['CC40'],"['CC', 'CC']"
Jiahao,5.22145E+11,"[5, 6]",5,"['CC07', 'DC21']","['CC06', 'DC01', 'XN01']","['CC', 'DC', 'CC', 'DC', 'XN']"
Jiahao,5.22098E+11,[],,[],[],[]
Jiahao,5.22086E+11,"[5, 6]",6,"['CC02', 'XB06', 'XN07', 'YK01', 'ZG03']",['CC33'],"['CC', 'XB', 'XN', 'YK', 'ZG', 'CC']"
Jiahao,5.22034E+11,"[5, 6]",6,"['UV51', 'XB54']","['XB06', 'ZG03', 'UV52', 'XB55']","['UV', 'XB', 'XB', 'ZG', 'UV', 'XB']"
Jiahao,5.2187E+11,"[5, 6]",5,"['CC08', 'XB05', 'YK02']","['CC07', 'XB62']","['CC', 'XB', 'YK', 'CC', 'XB']"
Jiahao,45410114111,"[5, 6]",7,[],"['SJ29', 'SP02', 'MO17', 'JD03', 'UV02', 'WD01', 'XB05']","['SJ', 'SP', 'MO', 'JD', 'UV', 'WD', 'XB']"
Jiahao,45293052304,"[5, 6]",13,[],"['BU01', 'CC18', 'DC02', 'DK01', 'DZ01', 'FD01', 'GJ03', 'JB01', 'ND03', 'QC02', 'RG03', 'SP01', 'MO15']","['BU', 'CC', 'DC', 'DK', 'DZ', 'FD', 'GJ', 'JB', 'ND', 'QC', 'RG', 'SP', 'MO']"
Jiahao,45219159638,"[5, 6]",27,"['CC29', 'CC31', 'DC02', 'DK09', 'FD01', 'JB03', 'MO12', 'QT05', 'SJ11', 'UV47', 'WD01', 'XB26', 'YK05', 'CC19', 'XB18', 'UV36', 'FH02', 'DK12', 'MO04', 'SP03', 'BU05', 'QT01', 'DC09', 'JB01', 'ZG09']","['CC30', 'CC15']","['CC', 'CC', 'DC', 'DK', 'FD', 'JB', 'MO', 'QT', 'SJ', 'UV', 'WD', 'XB', 'YK', 'CC', 'XB', 'UV', 'FH', 'DK', 'MO', 'SP', 'BU', 'QT', 'DC', 'JB', 'ZG', 'CC', 'CC']"
Jiahao,44881048637,[],,[],[],[]
Jiahao,44799642380,[],,[],[],[]
Jiahao,44331296085,[],,[],[],[]
Jiahao,44231886556,[],,[],[],[]
Jiahao,44069100271,"[5, 6]",28,"['CC46', 'QT01', 'XB06', 'DK01', 'FD05', 'XN07', 'YK01', 'SP01', 'UV22', 'PZ02', 'ZG01', 'CC06', 'JB01', 'MO02', 'QC02', 'UV12', 'XB60']","['BU04', 'CC08', 'DC02', 'DK05', 'FP01', 'MO06', 'PZ03', 'SJ01', 'UV04', 'WD01', 'CC07']","['CC', 'QT', 'XB', 'DK', 'FD', 'XN', 'YK', 'SP', 'UV', 'PZ', 'ZG', 'CC', 'JB', 'MO', 'QC', 'UV', 'XB', 'BU', 'CC', 'DC', 'DK', 'FP', 'MO', 'PZ', 'SJ', 'UV', 'WD', 'CC']"
Jiahao,44021641588,[],,[],[],[]
Jiahao,43859660891,[],,[],[],[]
Jiahao,43853759026,"[5, 6]",9,"['CC16', 'CC04', 'XB60']","['CC15', 'BD03', 'CC33', 'WJ01', 'XB68', 'XN07']","['CC', 'CC', 'XB', 'CC', 'BD', 'CC', 'WJ', 'XB', 'XN']"
Jiahao,43736454825,"[5, 6]",2,['CC07'],['CC08'],"['CC', 'CC']"
Jiahao,43473279886,[],,[],[],[]
Jiahao,43452978184,[],,[],[],[]
Jiahao,43426870825,"[5, 6]",2,['CC07'],['CC08'],"['CC', 'CC']"
Jiahao,43168072227,"[5, 6]",11,"['CC02', 'DK06', 'MO02', 'QT04', 'SJ06', 'XB06', 'ZG01', '', 'CC05']","['CC38', 'SJ01']","['CC', 'DK', 'MO', 'QT', 'SJ', 'XB', 'ZG', '', 'CC', 'CC', 'SJ']"
Jiahao,42981617542,"[5, 6]",3,['CC05'],"['CC06', 'SJ07']","['CC', 'CC', 'SJ']"
Jiahao,42681494957,[],,[],[],[]
Jiahao,42468840454,"[5, 6]",2,[],"['CC38', 'SJ01']","['CC', 'SJ']"
Jiahao,41802068265,"[5, 6]",2,['CC02'],['CC33'],"['CC', 'CC']"
Jiahao,41599133465,[],,[],[],[]
Jiahao,41583985792,[],,[],[],[]
Jiahao,40565901878,"[5, 6]",15,"['CC06', 'MO06', 'PZ08', 'QT04', 'QT07', 'RG02', 'SJ07', 'SP02', 'UV20', 'WD01', 'XB06', 'XN01', 'YK01', 'ZG01']",['CC07'],"['CC', 'MO', 'PZ', 'QT', 'QT', 'RG', 'SJ', 'SP', 'UV', 'WD', 'XB', 'XN', 'YK', 'ZG', 'CC']"
Jiahao,40452911197,"[5, 6]",21,"['CC24', 'MO02', 'QC02', 'QT19', 'SJ01', 'UV12', 'XB07']","['MO06', 'PZ08', 'QT04', 'QT07', 'RG02', 'SJ07', 'SP02', 'UV20', 'WD01', 'XB06', 'XN01', 'YK01', 'ZG01', 'CC21']","['CC', 'MO', 'QC', 'QT', 'SJ', 'UV', 'XB', 'MO', 'PZ', 'QT', 'QT', 'RG', 'SJ', 'SP', 'UV', 'WD', 'XB', 'XN', 'YK', 'ZG', 'CC']"
Jiahao,40175359932,[],,[],[],[]
Jiahao,40148868087,"[5, 6]",15,"['CC04', 'DC10', 'DK01', 'FD01', 'FD05', 'MO09', 'MO01', 'ND01', 'RG01', 'SP01', 'XN07', 'YK13']","['CC02', 'DC01', 'XN01']","['CC', 'DC', 'DK', 'FD', 'FD', 'MO', 'MO', 'ND', 'RG', 'SP', 'XN', 'YK', 'CC', 'DC', 'XN']"
Jiahao,40112687054,[],,[],[],[]
Jiahao,39237426326,"[5, 6]",12,"['DK12', 'RG02', 'FD01', 'FW15', 'CC07', 'XB06', 'UV20', 'ZG07', 'MO09', 'YK02', 'SJ02', 'DC21']",[],"['DK', 'RG', 'FD', 'FW', 'CC', 'XB', 'UV', 'ZG', 'MO', 'YK', 'SJ', 'DC']"
Jiahao,38708270318,[],,[],[],[]
Jiahao,38663832002,"[5, 6]",21,"['BU01', 'CC15', 'DC02', 'DK01', 'DZ01', 'GJ03', 'ND03', 'QC02', 'RG03', 'SP01', 'MO15', 'UV54', 'WD04', 'XB06', 'XN01', 'YD01', 'YK01', 'ZG07', 'CC19']","['CC18', 'PZ07']","['BU', 'CC', 'DC', 'DK', 'DZ', 'GJ', 'ND', 'QC', 'RG', 'SP', 'MO', 'UV', 'WD', 'XB', 'XN', 'YD', 'YK', 'ZG', 'CC', 'CC', 'PZ']"
Jiahao,38631814095,[],,[],[],[]
Jiahao,37994506504,"[5, 6]",7,"['CC07', 'WD01', 'WJ01', 'XB06', 'YK01', 'ZG01']",['CC06'],"['CC', 'WD', 'WJ', 'XB', 'YK', 'ZG', 'CC']"
Jiahao,37908516066,[],,[],[],[]
Jiahao,37870465778,[],,[],[],[]
Jiahao,37745552927,[],,[],[],[]
Jiahao,37443266749,[],,[],[],[]
Jiahao,37241107923,[],,[],[],[]
Jiahao,36982442137,"[5, 6]",3,['CC08'],"['CC06', 'XN01']","['CC', 'CC', 'XN']"
Jiahao,36910165248,[],,[],[],[]
Jiahao,36613205733,"[5, 6]",8,[],"['CC06', 'DC02', 'DK01', 'DZ02', 'FD01', 'ND01', 'SJ01', 'QT14']","['CC', 'DC', 'DK', 'DZ', 'FD', 'ND', 'SJ', 'QT']"
Jiahao,36574928690,"[5, 6]",2,['CC24'],['CC21'],"['CC', 'CC']"
Jiahao,36513357018,[],,[],[],[]
Jiahao,35674260254,[],,[],[],[]
Jiahao,35557065616,[],,[],[],[]
Jiahao,35540978058,"[5, 6]",2,[],"['CC06', 'DC02']","['CC', 'DC']"
Jiahao,27462844289,[],,[],[],[]
Jiahao,26519380192,[],,[],[],[]
Jiahao,25673844634,"[5, 6]",4,[],"['BJ01', 'CC02', 'DC01', 'DK14']","['BJ', 'CC', 'DC', 'DK']"
Jiahao,24596036343,[],,[],[],[]
Jiahao,24319152517,[],,[],[],[]
Jiahao,24291960195,[],,[],[],[]
Jiahao,23969324559,"[5, 6]",2,['CC39'],['CC40'],"['CC', 'CC']"
Jiahao,23924620234,"[5, 6]",16,"['CC08,CC40,CC46,CC47', 'DC21', 'XB07', 'CC07', 'SP02', 'JB01', 'DK09', 'DC14', 'RG03', 'YK01']","['CC06', 'DC01', 'GJ04', 'XB06', 'SJ07', 'CC05']","['CC', 'DC', 'XB', 'CC', 'SP', 'JB', 'DK', 'DC', 'RG', 'YK', 'CC', 'DC', 'GJ', 'XB', 'SJ', 'CC']"
Jiahao,23896264169,"[5, 6]",3,"['CC02', 'BU01']",['CC33'],"['CC', 'BU', 'CC']"
Jiahao,20728727154,"[5, 6]",21,"['CC01', 'XN01', 'QT07', 'UV01', 'YK01', 'FD01', 'ND01', 'WD01', 'QC02', 'JB01', 'RG01', 'FW15', 'BJ01', 'PZ01', 'SJ03', 'ZG03', 'SP02', 'JZ02', 'JC04']","['BU01', 'CC02']","['CC', 'XN', 'QT', 'UV', 'YK', 'FD', 'ND', 'WD', 'QC', 'JB', 'RG', 'FW', 'BJ', 'PZ', 'SJ', 'ZG', 'SP', 'JZ', 'JC', 'BU', 'CC']"
Jiahao,20373091017,[],,[],[],[]
Jiahao,20186366493,"[5, 6]",2,['UV58'],['UV01'],"['UV', 'UV']"
Jiahao,20167630571,"[5, 6]",4,"['CC07', 'UV20', 'PZ08']",['CC06'],"['CC', 'UV', 'PZ', 'CC']"
Jiahao,19999809846,"[5, 6]",2,['CC01'],['CC06'],"['CC', 'CC']"
Jiahao,18999829018,"[5, 6]",2,['CC01'],['CC02'],"['CC', 'CC']"
Jiahao,18820622609,[],,[],[],[]
Jiahao,18352298789,[],,[],[],[]
Jiahao,18053093587,"[5, 6]",2,['CC07'],"['CC08,CC40,CC46,CC47']","['CC', 'CC']"
Jiahao,16831203027,"[5, 6]",14,"['CC04', 'SJ23']","['CC33', 'XB61', 'XB03', 'WJ01', 'XN07', 'SP02', 'FD01', 'JB01', 'DK09', 'DC02', 'RG03', 'PZ01']","['CC', 'SJ', 'CC', 'XB', 'XB', 'WJ', 'XN', 'SP', 'FD', 'JB', 'DK', 'DC', 'RG', 'PZ']"
Jiahao,5.23084E+11,"[6, 7]",11,['DC15'],"['SJ02', 'SP02', 'UV01', 'WD01', 'WJ01', 'XB07', 'XN01', 'YK01', 'ZG01', 'DC02']","['DC', 'SJ', 'SP', 'UV', 'WD', 'WJ', 'XB', 'XN', 'YK', 'ZG', 'DC']"
Jiahao,5.21514E+11,"[6, 7]",19,"['BD04', 'CC40', 'DK01', 'GJ04', 'JZ05', 'ND01', 'PZ08', 'QT04', 'RG01']","['CC08', 'DK17', 'FW17', 'JZ01', 'MO10', 'QT13', 'SJ08', 'UV43', 'WD05', 'XB62']","['BD', 'CC', 'DK', 'GJ', 'JZ', 'ND', 'PZ', 'QT', 'RG', 'CC', 'DK', 'FW', 'JZ', 'MO', 'QT', 'SJ', 'UV', 'WD', 'XB']"
Jiahao,5.23777E+11,"[6, 7]",11,"['CC06', 'SJ02', 'SP02', 'UV01', 'WD01', 'WJ01', 'XB07', 'XN01', 'YK01', 'ZG01']",['CC07'],"['CC', 'SJ', 'SP', 'UV', 'WD', 'WJ', 'XB', 'XN', 'YK', 'ZG', 'CC']"
Jiahao,5.22864E+11,"[6, 7]",5,"['CC15', 'DC02']","['CC13', 'DC13', 'SJ16']","['CC', 'DC', 'CC', 'DC', 'SJ']"
Jiahao,5.22744E+11,"[6, 7]",4,['CC40'],"['CC39', 'SJ33', 'XN19']","['CC', 'CC', 'SJ', 'XN']"
Jiahao,5.22145E+11,"[6, 7]",3,['CC06'],"['CC07', 'JQ02']","['CC', 'CC', 'JQ']"
Jiahao,5.22098E+11,[],,[],[],[]
Jiahao,5.22086E+11,[],,[],[],[]
Jiahao,5.22034E+11,"[6, 7]",16,"['CC15', 'RG01', 'XB55']","['CC02', 'DK06', 'FW01', 'FW08', 'JP04', 'MO06', 'ND01', 'QT04', 'SJ01', 'SP01', 'UV01', 'CC43', 'XB56']","['CC', 'RG', 'XB', 'CC', 'DK', 'FW', 'FW', 'JP', 'MO', 'ND', 'QT', 'SJ', 'SP', 'UV', 'CC', 'XB']"
Jiahao,5.2187E+11,[],,[],[],[]
Jiahao,45410114111,[],,[],[],[]
Jiahao,45293052304,"[6, 7]",0,[],[],[]
Jiahao,45219159638,"[6, 7]",3,"['DC15', 'CC15']",['DC02'],"['DC', 'CC', 'DC']"
Jiahao,44881048637,"[6, 7]",8,"['FH02', 'DC09', 'YK05']","['CC22', 'MO03', 'DC08', 'XN06', 'SJ16']","['FH', 'DC', 'YK', 'CC', 'MO', 'DC', 'XN', 'SJ']"
Jiahao,44799642380,[],,[],[],[]
Jiahao,44331296085,"[6, 7]",10,"['CC43', 'XB40', 'DK17', 'ZG07', 'YK01', 'DC02', 'QT04', 'SJ22']","['CC44', 'XB42']","['CC', 'XB', 'DK', 'ZG', 'YK', 'DC', 'QT', 'SJ', 'CC', 'XB']"
Jiahao,44231886556,[],,[],[],[]
Jiahao,44069100271,[],,[],[],[]
Jiahao,44021641588,"[6, 7]",4,[],"['BU01', 'CC08', 'DC01', 'DK06']","['BU', 'CC', 'DC', 'DK']"
Jiahao,43859660891,[],,[],[],[]
Jiahao,43853759026,[],,[],[],[]
Jiahao,43736454825,"[6, 7]",17,"['CC08', 'DC15']","['CC04', 'DC08', 'FW07', 'FW01', 'ND01', 'RG01', 'UV01', 'WJ01', 'XB68', 'XN01', 'XN04', 'XN07', 'YK01', 'CC07', 'DC02']","['CC', 'DC', 'CC', 'DC', 'FW', 'FW', 'ND', 'RG', 'UV', 'WJ', 'XB', 'XN', 'XN', 'XN', 'YK', 'CC', 'DC']"
Jiahao,43473279886,[],,[],[],[]
Jiahao,43452978184,[],,[],[],[]
Jiahao,43426870825,[],,[],[],[]
Jiahao,43168072227,"[6, 7]",2,['CC38'],['CC45'],"['CC', 'CC']"
Jiahao,42981617542,[],,[],[],[]
Jiahao,42681494957,[],,[],[],[]
Jiahao,42468840454,"[6, 7]",2,['CC38'],['CC39'],"['CC', 'CC']"
Jiahao,41802068265,"[6, 7]",2,['CC33'],['CC04'],"['CC', 'CC']"
Jiahao,41599133465,[],,[],[],[]
Jiahao,41583985792,[],,[],[],[]
Jiahao,40565901878,[],,[],[],[]
Jiahao,40452911197,"[6, 7]",13,"['QT02', 'JZ05', 'CC21', 'DC21', 'DK15', 'FW07', 'JB01']","['CC08', 'DC01', 'DK01', 'FD01', 'FW11', 'FW18']","['QT', 'JZ', 'CC', 'DC', 'DK', 'FW', 'JB', 'CC', 'DC', 'DK', 'FD', 'FW', 'FW']"
Jiahao,40175359932,"[6, 7]",7,[],"['QT02', 'JZ05', 'CC22', 'DC21', 'DK15', 'FW07', 'JB01']","['QT', 'JZ', 'CC', 'DC', 'DK', 'FW', 'JB']"
Jiahao,40148868087,"[6, 7]",16,"['CC02', 'XB07']","['CC04', 'CC33', 'DK01', 'FD01', 'FD05', 'MO09', 'JQ02', 'MO01', 'ND01', 'RG01', 'SP01', 'XB64', 'XN07', 'YK13']","['CC', 'XB', 'CC', 'CC', 'DK', 'FD', 'FD', 'MO', 'JQ', 'MO', 'ND', 'RG', 'SP', 'XB', 'XN', 'YK']"
Jiahao,40112687054,[],,[],[],[]
Jiahao,39237426326,[],,[],[],[]
Jiahao,38708270318,"[6, 7]",10,['CC38'],"['QT04', 'MO01', 'WD01', 'ND01', 'FD05', 'SP02', 'JZ02', 'CC07', 'GJ04']","['CC', 'QT', 'MO', 'WD', 'ND', 'FD', 'SP', 'JZ', 'CC', 'GJ']"
Jiahao,38663832002,"[6, 7]",9,"['CC18', 'DC09', 'FH02', 'YK05']","['CC22', 'DC08', 'MO03', 'SJ16', 'XN06']","['CC', 'DC', 'FH', 'YK', 'CC', 'DC', 'MO', 'SJ', 'XN']"
Jiahao,38631814095,[],,[],[],[]
Jiahao,37994506504,[],,[],[],[]
Jiahao,37908516066,[],,[],[],[]
Jiahao,37870465778,"[6, 7]",6,"['WJ01', 'XB06', 'YK01', 'ZG01']","['BU01', 'CC07']","['WJ', 'XB', 'YK', 'ZG', 'BU', 'CC']"
Jiahao,37745552927,[],,[],[],[]
Jiahao,37443266749,[],,[],[],[]
Jiahao,37241107923,[],,[],[],[]
Jiahao,36982442137,"[6, 7]",9,"['CC06', 'UV20', 'WD05', 'XB05', 'XN01', 'XN06', 'YK01', 'ZG01']",['CC07'],"['CC', 'UV', 'WD', 'XB', 'XN', 'XN', 'YK', 'ZG', 'CC']"
Jiahao,36910165248,[],,[],[],[]
Jiahao,36613205733,"[6, 7]",2,['CC06'],['CC07'],"['CC', 'CC']"
Jiahao,36574928690,"[6, 7]",12,"['CC21', 'UV01', 'YK01', 'FD01', 'ZG03', 'WD01', 'QC02', 'JB01', 'SJ02', 'ND01', 'JZ02']",['CC22'],"['CC', 'UV', 'YK', 'FD', 'ZG', 'WD', 'QC', 'JB', 'SJ', 'ND', 'JZ', 'CC']"
Jiahao,36513357018,[],,[],[],[]
Jiahao,35674260254,[],,[],[],[]
Jiahao,35557065616,[],,[],[],[]
Jiahao,35540978058,"[6, 7]",4,"['CC06', 'YK01', 'ZG07']",['CC07'],"['CC', 'YK', 'ZG', 'CC']"
Jiahao,27462844289,[],,[],[],[]
Jiahao,26519380192,[],,[],[],[]
Jiahao,25673844634,"[6, 7]",2,['CC02'],['CC33'],"['CC', 'CC']"
Jiahao,24596036343,[],,[],[],[]
Jiahao,24319152517,[],,[],[],[]
Jiahao,24291960195,[],,[],[],[]
Jiahao,23969324559,[],,[],[],[]
Jiahao,23924620234,"[6, 7]",8,"['UV20', 'CC05']","['CC07', 'UV03', 'SP02', 'JB01', 'DK09', 'DC02']","['UV', 'CC', 'CC', 'UV', 'SP', 'JB', 'DK', 'DC']"
Jiahao,23896264169,"[6, 7]",13,"['MO06', 'CC33', 'DK01', 'XB07', 'UV01', 'ZG01', 'SP01', 'FD01', 'DC04', 'SJ07']","['RG03', 'ND01', 'PZ01']","['MO', 'CC', 'DK', 'XB', 'UV', 'ZG', 'SP', 'FD', 'DC', 'SJ', 'RG', 'ND', 'PZ']"
Jiahao,20728727154,[],,[],[],[]
Jiahao,20373091017,"[6, 7]",21,"['MO06', 'UV01', 'YK01', 'FD01', 'ND01', 'WD01', 'QC02', 'JB01', 'RG01', 'FW15', 'BJ01', 'PZ01', 'SJ03', 'ZG03', 'SP02', 'JZ02']","['JC04', 'CC33', 'DK14', 'XB07', 'DC01']","['MO', 'UV', 'YK', 'FD', 'ND', 'WD', 'QC', 'JB', 'RG', 'FW', 'BJ', 'PZ', 'SJ', 'ZG', 'SP', 'JZ', 'JC', 'CC', 'DK', 'XB', 'DC']"
Jiahao,20186366493,"[6, 7]",22,"['CC08', 'DC01', 'DK01', 'FW07', 'MO02', 'QT04', 'XB07']","['MO06', 'YK01', 'FD01', 'ND01', 'WD01', 'QC02', 'JB01', 'RG01', 'FW15', 'BJ01', 'PZ01', 'SJ03', 'ZG03', 'SP02', 'JZ02']","['CC', 'DC', 'DK', 'FW', 'MO', 'QT', 'XB', 'MO', 'YK', 'FD', 'ND', 'WD', 'QC', 'JB', 'RG', 'FW', 'BJ', 'PZ', 'SJ', 'ZG', 'SP', 'JZ']"
Jiahao,20167630571,"[6, 7]",5,"['CC06', 'SJ28']","['CC07', 'SJ07', 'ND01']","['CC', 'SJ', 'CC', 'SJ', 'ND']"
Jiahao,19999809846,"[6, 7]",4,"['CC06', 'DC21']","['CC07', 'DC01']","['CC', 'DC', 'CC', 'DC']"
Jiahao,18999829018,"[6, 7]",2,['CC02'],['CC33'],"['CC', 'CC']"
Jiahao,18820622609,[],,[],[],[]
Jiahao,18352298789,[],,[],[],[]
Jiahao,18053093587,"[6, 7]",16,"['CC08,CC40,CC46,CC47', 'DC01', 'DK01', 'FD01', 'FP01', 'FW06', 'FW07', 'JZ01', 'MO09', 'ND01', 'QT01', 'UV02', 'WD01', 'XB06', 'YK01']",['CC07'],"['CC', 'DC', 'DK', 'FD', 'FP', 'FW', 'FW', 'JZ', 'MO', 'ND', 'QT', 'UV', 'WD', 'XB', 'YK', 'CC']"
Jiahao,16831203027,"[6, 7]",21,"['CC33', 'SP02', 'JB01', 'DK09', 'DC02', 'RG03', 'PZ01']","['DC01', 'DK01', 'FP01', 'FW06', 'FW07', 'JZ01', 'MO09', 'PZ02', 'QT01', 'SJ03', 'UV02', 'WD01', 'XB06', 'CC04']","['CC', 'SP', 'JB', 'DK', 'DC', 'RG', 'PZ', 'DC', 'DK', 'FP', 'FW', 'FW', 'JZ', 'MO', 'PZ', 'QT', 'SJ', 'UV', 'WD', 'XB', 'CC']"
Jiahao,5.23084E+11,"[7, 8]",20,"['MO06', 'JZ02', 'QC02', 'UV30', 'XB09', 'DK05', 'ZG07', 'FW03', 'YK04', 'SJ25']","['GJ02', 'DK07', 'FW11', 'FW19', 'JC04', 'JD02', 'MO05', 'ND01', 'PZ06', 'QT04']","['MO', 'JZ', 'QC', 'UV', 'XB', 'DK', 'ZG', 'FW', 'YK', 'SJ', 'GJ', 'DK', 'FW', 'FW', 'JC', 'JD', 'MO', 'ND', 'PZ', 'QT']"
Jiahao,5.21514E+11,"[7, 8]",2,['CC08'],['CC47'],"['CC', 'CC']"
Jiahao,5.23777E+11,[],,[],[],[]
Jiahao,5.22864E+11,"[7, 8]",3,['CC13'],"['CC15', 'PZ06']","['CC', 'CC', 'PZ']"
Jiahao,5.22744E+11,"[7, 8]",4,"['CC39', 'XB21']","['CC40', 'XB05']","['CC', 'XB', 'CC', 'XB']"
Jiahao,5.22145E+11,"[7, 8]",13,"['CC07', 'QT07', 'QT17', 'RG01', 'SJ02', 'UV01', 'WD01', 'XB60', 'XN01', 'XN06', 'YK02', 'ZG01']",['CC08'],"['CC', 'QT', 'QT', 'RG', 'SJ', 'UV', 'WD', 'XB', 'XN', 'XN', 'YK', 'ZG', 'CC']"
Jiahao,5.22098E+11,[],,[],[],[]
Jiahao,5.22086E+11,[],,[],[],[]
Jiahao,5.22034E+11,"[7, 8]",8,"['CC02', 'XB56', 'ZG01']","['CC33', 'DK16', 'PZ01', 'RG01', 'XB58']","['CC', 'XB', 'ZG', 'CC', 'DK', 'PZ', 'RG', 'XB']"
Jiahao,5.2187E+11,[],,[],[],[]
Jiahao,45410114111,[],,[],[],[]
Jiahao,45293052304,"[7, 8]",0,[],[],[]
Jiahao,45219159638,[],,[],[],[]
Jiahao,44881048637,[],,[],[],[]
Jiahao,44799642380,[],,[],[],[]
Jiahao,44331296085,[],,[],[],[]
Jiahao,44231886556,[],,[],[],[]
Jiahao,44069100271,[],,[],[],[]
Jiahao,44021641588,"[7, 8]",3,[],"['MO09', 'ND01', 'RG02']","['MO', 'ND', 'RG']"
Jiahao,43859660891,[],,[],[],[]
Jiahao,43853759026,[],,[],[],[]
Jiahao,43736454825,"[7, 8]",15,"['BU01', 'CC07', 'DC02', 'DK01', 'FD01', 'FW02', 'JZ02', 'MO06', 'QC02', 'SJ01', 'UV63', 'XB09', 'YK04']","['GJ01', 'HJ01']","['BU', 'CC', 'DC', 'DK', 'FD', 'FW', 'JZ', 'MO', 'QC', 'SJ', 'UV', 'XB', 'YK', 'GJ', 'HJ']"
Jiahao,43473279886,[],,[],[],[]
Jiahao,43452978184,[],,[],[],[]
Jiahao,43426870825,[],,[],[],[]
Jiahao,43168072227,"[7, 8]",4,['CC45'],"['CC46', 'PZ08', 'XN01']","['CC', 'CC', 'PZ', 'XN']"
Jiahao,42981617542,[],,[],[],[]
Jiahao,42681494957,"[7, 8]",4,['CC07'],"['CC08', 'PZ08', 'XN01']","['CC', 'CC', 'PZ', 'XN']"
Jiahao,42468840454,"[7, 8]",4,['CC39'],"['CC40', 'PZ08', 'XN01']","['CC', 'CC', 'PZ', 'XN']"
Jiahao,41802068265,[],,[],[],[]
Jiahao,41599133465,[],,[],[],[]
Jiahao,41583985792,[],,[],[],[]
Jiahao,40565901878,[],,[],[],[]
Jiahao,40452911197,[],,[],[],[]
Jiahao,40175359932,"[7, 8]",2,['CC22'],['CC23'],"['CC', 'CC']"
Jiahao,40148868087,"[7, 8]",3,"['CC04', 'CC33', 'XB64']",[],"['CC', 'CC', 'XB']"
Jiahao,40112687054,[],,[],[],[]
Jiahao,39237426326,[],,[],[],[]
Jiahao,38708270318,"[7, 8]",3,['CC07'],"['CC08', 'PZ08']","['CC', 'CC', 'PZ']"
Jiahao,38663832002,"[7, 8]",16,"['CC22', 'DC08', 'DK12', 'FD01', 'JB01', 'MO03', 'MO04', 'PZ07', 'QT01', 'SJ16', 'SP03', 'UV36', 'XB18', 'XN06', 'ZG09']",['CC18'],"['CC', 'DC', 'DK', 'FD', 'JB', 'MO', 'MO', 'PZ', 'QT', 'SJ', 'SP', 'UV', 'XB', 'XN', 'ZG', 'CC']"
Jiahao,38631814095,[],,[],[],[]
Jiahao,37994506504,[],,[],[],[]
Jiahao,37908516066,[],,[],[],[]
Jiahao,37870465778,[],,[],[],[]
Jiahao,37745552927,"[7, 8]",2,[],"['BU01', 'CC08']","['BU', 'CC']"
Jiahao,37443266749,[],,[],[],[]
Jiahao,37241107923,[],,[],[],[]
Jiahao,36982442137,[],,[],[],[]
Jiahao,36910165248,"[7, 8]",16,[],"['CC08', 'DC13', 'DK05', 'FD01', 'FD05', 'FH01', 'GJ04', 'JC08', 'JQ02', 'MO02', 'ND01', 'PZ08', 'QT04', 'RG01', 'SJ02', 'SP01']","['CC', 'DC', 'DK', 'FD', 'FD', 'FH', 'GJ', 'JC', 'JQ', 'MO', 'ND', 'PZ', 'QT', 'RG', 'SJ', 'SP']"
Jiahao,36613205733,"[7, 8]",2,['CC07'],['CC08'],"['CC', 'CC']"
Jiahao,36574928690,[],,[],[],[]
Jiahao,36513357018,"[7, 8]",7,[],"['DC01', 'CC23', 'DK14', 'XB07', 'XN01', 'QT07', 'MO06']","['DC', 'CC', 'DK', 'XB', 'XN', 'QT', 'MO']"
Jiahao,35674260254,[],,[],[],[]
Jiahao,35557065616,[],,[],[],[]
Jiahao,35540978058,[],,[],[],[]
Jiahao,27462844289,"[7, 8]",14,[],"['CC08', 'DC02', 'DK01', 'DZ02', 'FD01', 'JC06', 'MO01', 'ND01', 'QT14', 'RG02', 'UV03', 'WD01', 'XB07', 'XN01']","['CC', 'DC', 'DK', 'DZ', 'FD', 'JC', 'MO', 'ND', 'QT', 'RG', 'UV', 'WD', 'XB', 'XN']"
Jiahao,26519380192,[],,[],[],[]
Jiahao,25673844634,"[7, 8]",19,"['CC33', 'FD01', 'JB01', 'JZ02', 'MO02', 'ND01', 'PZ01', 'QC02', 'QT07', 'RG01', 'SJ03', 'SP01', 'UV01', 'WD01', 'XB21', 'XN01', 'YK01', 'ZG01']",['CC04'],"['CC', 'FD', 'JB', 'JZ', 'MO', 'ND', 'PZ', 'QC', 'QT', 'RG', 'SJ', 'SP', 'UV', 'WD', 'XB', 'XN', 'YK', 'ZG', 'CC']"
Jiahao,24596036343,[],,[],[],[]
Jiahao,24319152517,[],,[],[],[]
Jiahao,24291960195,[],,[],[],[]
Jiahao,23969324559,[],,[],[],[]
Jiahao,23924620234,"[7, 8]",20,"['CC07', 'JZ01', 'FD05', 'BU04', 'MO16', 'FH03', 'SJ07', 'QC02', 'FW15', 'FW16', 'CC06', 'XB05', 'MO15', 'ZG18', 'UV12', 'SP02', 'JB01', 'DK09', 'DC02']","['CC08,CC40,CC46,CC47']","['CC', 'JZ', 'FD', 'BU', 'MO', 'FH', 'SJ', 'QC', 'FW', 'FW', 'CC', 'XB', 'MO', 'ZG', 'UV', 'SP', 'JB', 'DK', 'DC', 'CC']"
Jiahao,23896264169,"[7, 8]",21,['ND01'],"['JZ01', 'FD05', 'BU04', 'MO16', 'FH03', 'SJ07', 'QC02', 'FW15', 'FW16', 'CC07', 'XB05', 'MO15', 'ZG18', 'UV12', 'SP02', 'FD01', 'JB01', 'DK09', 'DC02', 'BD03']","['ND', 'JZ', 'FD', 'BU', 'MO', 'FH', 'SJ', 'QC', 'FW', 'FW', 'CC', 'XB', 'MO', 'ZG', 'UV', 'SP', 'FD', 'JB', 'DK', 'DC', 'BD']"
Jiahao,20728727154,[],,[],[],[]
Jiahao,20373091017,[],,[],[],[]
Jiahao,20186366493,"[7, 8]",7,[],"['JC04', 'CC04', 'DK14', 'XB07', 'DC01', 'XN01', 'QT07']","['JC', 'CC', 'DK', 'XB', 'DC', 'XN', 'QT']"
Jiahao,20167630571,"[7, 8]",13,"['CC07', 'XN04', 'ZG01', 'FD05', 'FD01', 'SP02', 'QT01', 'SJ07', 'JC05', 'DC21', 'MO09', 'ND01']",['CC08'],"['CC', 'XN', 'ZG', 'FD', 'FD', 'SP', 'QT', 'SJ', 'JC', 'DC', 'MO', 'ND', 'CC']"
Jiahao,19999809846,"[7, 8]",10,['CC07'],"['XN04', 'ZG01', 'FD05', 'SP02', 'SJ07', 'JC05', 'DC21', 'MO09', 'CC08']","['CC', 'XN', 'ZG', 'FD', 'SP', 'SJ', 'JC', 'DC', 'MO', 'CC']"
Jiahao,18999829018,"[7, 8]",8,"['CC33', 'UV01', 'WD01', 'XB21', 'XN01', 'YK01', 'ZG01']",['CC04'],"['CC', 'UV', 'WD', 'XB', 'XN', 'YK', 'ZG', 'CC']"
Jiahao,18820622609,[],,[],[],[]
Jiahao,18352298789,[],,[],[],[]
Jiahao,18053093587,[],,[],[],[]
Jiahao,16831203027,"[7, 8]",14,"['CC04', 'DC21', 'ZG01', 'UV01', 'RG01', 'XN04', 'XN01', 'XB60', 'XB61', 'XB03', 'WJ01', 'XN07']","['BU04', 'CC08,CC40,CC46,CC47']","['CC', 'DC', 'ZG', 'UV', 'RG', 'XN', 'XN', 'XB', 'XB', 'XB', 'WJ', 'XN', 'BU', 'CC']"
