Author,ItemID(LIsting_id),another_bundle_index,diff,only_in_one,only_in_other,in_both
Jiahao,44021641588,2,1,[],['CC06'],['CC']
Jiahao,18999829018,2,2,['CC38'],['CC39'],"['CC', 'CC']"
Jiahao,24596036343,2,2,[],"['DC08', 'JB01']","['DC', 'JB']"
Jiahao,45219159638,2,2,['DC07'],['CC02'],"['DC', 'CC']"
Jiahao,40565901878,2,2,[],"['DK15', 'QC02']","['DK', 'QC']"
Jiahao,36613205733,2,6,"['CC24', 'XB35']","['CC17', 'XB36', 'EJ01', 'YD01']","['CC', 'XB', 'CC', 'XB', 'EJ', 'YD']"
Jiahao,41599133465,2,,[],[],[]
Jiahao,43859660891,2,2,['CC24'],['CC21'],"['CC', 'CC']"
Jiahao,38708270318,2,2,['CC05'],['CC38'],"['CC', 'CC']"
Jiahao,35540978058,2,4,['CC06'],"['CC45', 'UV21', 'DC15']","['CC', 'CC', 'UV', 'DC']"
Jiahao,26519380192,2,3,['UV25'],"['PZ10', 'DC19']","['UV', 'PZ', 'DC']"
Jiahao,521513506795,2,2,['CC05'],['CC06'],"['CC', 'CC']"
Jiahao,18053093587,2,2,['UV48'],['UV30'],"['UV', 'UV']"
Jiahao,42468840454,2,2,[],"['MO09', 'YK02']","['MO', 'YK']"
Jiahao,522033862841,2,2,['CC01'],['CC02'],"['CC', 'CC']"
Jiahao,521870063421,2,2,['CC01'],['CC02'],"['CC', 'CC']"
Jiahao,522097809685,2,2,['CC05'],['CC06'],"['CC', 'CC']"
Jiahao,523776961013,2,2,['CC02'],['CC33'],"['CC', 'CC']"
Jiahao,16831203027,2,2,['CC05'],['CC06'],"['CC', 'CC']"
Jiahao,19999809846,2,2,['CC06'],['CC07'],"['CC', 'CC']"
Jiahao,20167630571,2,4,['XB35'],"['DC07', 'SP02', 'XB06']","['XB', 'DC', 'SP', 'XB']"
Jiahao,27462844289,2,4,"['CC06', 'UV04']","['CC07', 'UV46']","['CC', 'UV', 'CC', 'UV']"
Jiahao,36910165248,2,2,['CC02'],['CC33'],"['CC', 'CC']"
Jiahao,37994506504,2,2,['CC05'],['CC38'],"['CC', 'CC']"
Jiahao,38663832002,2,2,['CC05'],['CC06'],"['CC', 'CC']"
Jiahao,39237426326,2,1,[],['DC10'],['DC']
Jiahao,41802068265,2,4,"['CC02', 'YK13']","['CC33', 'CC04']","['CC', 'YK', 'CC', 'CC']"
Jiahao,43168072227,2,1,[],['WD01'],['WD']
Jiahao,43736454825,2,2,['CC06'],['CC07'],"['CC', 'CC']"
Jiahao,44231886556,2,9,"['CC02', 'FW20']","['CC33', 'DC21', 'FD01', 'FW02', 'JB01', 'JD03', 'UV01']","['CC', 'FW', 'CC', 'DC', 'FD', 'FW', 'JB', 'JD', 'UV']"
Jiahao,44799642380,2,2,['CC01'],['CC02'],"['CC', 'CC']"
Jiahao,45293052304,2,2,['CC38'],['CC39'],"['CC', 'CC']"
Jiahao,45410114111,2,2,['CC06'],['CC07'],"['CC', 'CC']"
Jiahao,522145128789,2,3,['CC01'],"['CC06', 'SJ01']","['CC', 'CC', 'SJ']"
Jiahao,523084126902,2,2,['CC07'],"['CC08,CC40,CC46,CC47']","['CC', 'CC']"
Jiahao,18820622609,2,3,['CC07'],"['CC08', 'DC20']","['CC', 'CC', 'DC']"
Jiahao,20186366493,2,3,['CC01'],"['CC02', 'SJ01']","['CC', 'CC', 'SJ']"
Jiahao,20373091017,2,2,['CC25'],['CC26'],"['CC', 'CC']"
Jiahao,20728727154,2,6,"['CC17', 'YK05']","['CC16', 'DC22', 'RG01', 'YK01']","['CC', 'YK', 'CC', 'DC', 'RG', 'YK']"
Jiahao,23896264169,2,4,['UV34'],"['DC06', 'UV41', 'YK02']","['UV', 'DC', 'UV', 'YK']"
Jiahao,24319152517,2,4,['CC06'],"['CC16', 'FD01', 'QT05']","['CC', 'CC', 'FD', 'QT']"
Jiahao,35674260254,2,2,['CC05'],['CC06'],"['CC', 'CC']"
Jiahao,36982442137,2,11,"['CC06', 'UV61']","['CC07', 'CC16', 'DK08', 'RG02', 'UV03', 'UV62', 'WD01', 'XB06', 'YK01']","['CC', 'UV', 'CC', 'CC', 'DK', 'RG', 'UV', 'UV', 'WD', 'XB', 'YK']"
Jiahao,37745552927,2,5,['CC02'],"['CC33', 'DC12', 'FD01', 'UV01']","['CC', 'CC', 'DC', 'FD', 'UV']"
Jiahao,37870465778,2,,[],[],[]
Jiahao,40112687054,2,,[],[],[]
Jiahao,40148868087,2,2,['CC01'],['CC02'],"['CC', 'CC']"
Jiahao,40175359932,2,2,['CC24'],['CC06'],"['CC', 'CC']"
Jiahao,42981617542,2,2,[],"['DC08', 'JB01']","['DC', 'JB']"
Jiahao,44069100271,2,2,['CC06'],['CC07'],"['CC', 'CC']"
Jiahao,522086451970,2,2,['CC06'],['CC07'],"['CC', 'CC']"
Jiahao,522743875767,2,2,['CC01'],['CC02'],"['CC', 'CC']"
Jiahao,42681494957,2,7,"['CC24', 'XB35']","['CC20', 'DC05', 'JB01', 'XB05', 'XN01']","['CC', 'XB', 'CC', 'DC', 'JB', 'XB', 'XN']"
Jiahao,37443266749,2,2,['CC06'],['CC07'],"['CC', 'CC']"
Jiahao,43452978184,2,5,"['CC38', 'UV01']","['CC39', 'UV10', 'YK01']","['CC', 'UV', 'CC', 'UV', 'YK']"
Jiahao,25673844634,2,8,['CC06'],"['CC07', 'FW01', 'SP02', 'UV01', 'XN01', 'XN07', 'ZG01']","['CC', 'CC', 'FW', 'SP', 'UV', 'XN', 'XN', 'ZG']"
Jiahao,23924620234,2,4,['CC06'],"['CC38', 'ND01', 'YK01']","['CC', 'CC', 'ND', 'YK']"
Jiahao,40452911197,2,2,['CC24'],['CC21'],"['CC', 'CC']"
Jiahao,43853759026,2,2,['CC06'],['CC07'],"['CC', 'CC']"
Jiahao,44881048637,2,4,['CC21'],"['CC22', 'MO04', 'YK13']","['CC', 'CC', 'MO', 'YK']"
Jiahao,522863996797,2,1,[],['CC06'],['CC']
Jiahao,36513357018,2,11,[],"['BU01', 'CC05', 'DK01', 'FD01', 'QT01', 'SP01', 'JD03', 'UV29', 'WD01', 'YK01', 'ZG01']","['BU', 'CC', 'DK', 'FD', 'QT', 'SP', 'JD', 'UV', 'WD', 'YK', 'ZG']"
Jiahao,18352298789,2,2,[],"['DC13', 'YK05']","['DC', 'YK']"
Jiahao,37241107923,2,3,['MO01'],"['DC15', 'MO04']","['MO', 'DC', 'MO']"
Jiahao,23969324559,2,7,"['CC24', 'XB35']","['CC20', 'DC14', 'JB01', 'XB05', 'XN01']","['CC', 'XB', 'CC', 'DC', 'JB', 'XB', 'XN']"
Jiahao,24291960195,2,3,['CC05'],"['CC29', 'UV36']","['CC', 'CC', 'UV']"
Jiahao,43426870825,2,4,['CC20'],"['CC21', 'DK01', 'WD01']","['CC', 'CC', 'DK', 'WD']"
Jiahao,38631814095,2,7,"['CC07', 'XB04', 'YK05']","['CC08', 'FD05', 'XB06', 'XN07']","['CC', 'XB', 'YK', 'CC', 'FD', 'XB', 'XN']"
Jiahao,36574928690,2,2,[],"['UV34', 'ZG01']","['UV', 'ZG']"
Jiahao,44331296085,2,3,['CC02'],"['CC33', 'SJ01']","['CC', 'CC', 'SJ']"
Jiahao,37908516066,2,,[],[],[]
Jiahao,41583985792,2,,[],[],[]
Jiahao,35557065616,2,,[],[],[]
Jiahao,43473279886,2,2,['DC07'],['CC02'],"['DC', 'CC']"
Jiahao,,2,,[],[],[]
Jiahao,44021641588,3,1,[],['CC07'],['CC']
Jiahao,18999829018,3,2,['CC38'],['CC40'],"['CC', 'CC']"
Jiahao,24596036343,3,5,['CC21'],"['CC22', 'DC08', 'JB01', 'ZG09']","['CC', 'CC', 'DC', 'JB', 'ZG']"
Jiahao,45219159638,3,1,[],['CC02'],['CC']
Jiahao,40565901878,3,6,[],"['DK15', 'QC02', 'UV19', 'CC07', 'XB65', 'DC20']","['DK', 'QC', 'UV', 'CC', 'XB', 'DC']"
Jiahao,36613205733,3,7,"['CC24', 'XB35']","['CC16', 'XB36', 'DC14', 'EJ01', 'YD01']","['CC', 'XB', 'CC', 'XB', 'DC', 'EJ', 'YD']"
Jiahao,41599133465,3,,[],[],[]
Jiahao,43859660891,3,2,['CC24'],['CC22'],"['CC', 'CC']"
Jiahao,38708270318,3,2,['CC05'],['CC39'],"['CC', 'CC']"
Jiahao,35540978058,3,5,['CC06'],"['CC45', 'UV21', 'DC15', 'PZ09']","['CC', 'CC', 'UV', 'DC', 'PZ']"
Jiahao,26519380192,3,5,"['CC07', 'UV25']","['CC08', 'UV26', 'DC20']","['CC', 'UV', 'CC', 'UV', 'DC']"
Jiahao,521513506795,3,5,['XB35'],"['XB05', 'DC14', 'RG03', 'YK01']","['XB', 'XB', 'DC', 'RG', 'YK']"
Jiahao,18053093587,3,8,"['CC06', 'UV48', 'XB35']","['CC07', 'UV30', 'XB08', 'ZG07', 'FW03']","['CC', 'UV', 'XB', 'CC', 'UV', 'XB', 'ZG', 'FW']"
Jiahao,42468840454,3,5,['CC38'],"['CC07', 'MO09', 'YK02', 'GJ04']","['CC', 'CC', 'MO', 'YK', 'GJ']"
Jiahao,522033862841,3,2,['CC01'],['CC33'],"['CC', 'CC']"
Jiahao,521870063421,3,3,"['CC01', 'SJ01']",['CC33'],"['CC', 'SJ', 'CC']"
Jiahao,522097809685,3,4,['XB35'],"['XB05', 'DC21', 'MO09']","['XB', 'XB', 'DC', 'MO']"
Jiahao,523776961013,3,4,[],"['XN01', 'YK01', 'XB60', 'ND01']","['XN', 'YK', 'XB', 'ND']"
Jiahao,16831203027,3,2,['CC05'],['CC07'],"['CC', 'CC']"
Jiahao,19999809846,3,6,"['CC06', 'XB35']","['CC07', 'GJ01', 'QT01', 'XB60']","['CC', 'XB', 'CC', 'GJ', 'QT', 'XB']"
Jiahao,20167630571,3,6,"['CC06', 'XB35']","['CC07', 'DC07', 'SP02', 'XB06']","['CC', 'XB', 'CC', 'DC', 'SP', 'XB']"
Jiahao,27462844289,3,3,['CC06'],"['CC07', 'DC02']","['CC', 'CC', 'DC']"
Jiahao,36910165248,3,5,[],"['FW01', 'ND01', 'XB60', 'XN01', 'YK01']","['FW', 'ND', 'XB', 'XN', 'YK']"
Jiahao,37994506504,3,2,['CC05'],['CC39'],"['CC', 'CC']"
Jiahao,38663832002,3,2,['CC05'],['CC07'],"['CC', 'CC']"
Jiahao,39237426326,3,3,['CC02'],"['CC33', 'DC10']","['CC', 'CC', 'DC']"
Jiahao,41802068265,3,5,"['CC02', 'XB35']","['QT04', 'WD01', 'XB07']","['CC', 'XB', 'QT', 'WD', 'XB']"
Jiahao,43168072227,3,5,"['CC38', 'XB65']","['CC07', 'WD01', 'XB06']","['CC', 'XB', 'CC', 'WD', 'XB']"
Jiahao,43736454825,3,6,"['CC06', 'XB65']","['CC07', 'QT04', 'WD05', 'XB05']","['CC', 'XB', 'CC', 'QT', 'WD', 'XB']"
Jiahao,44231886556,3,14,"['BU01', 'CC02', 'FW20', 'QC02']","['CC04', 'DC21', 'FD01', 'FW02', 'JD03', 'PZ01', 'QT03', 'RG02', 'SJ01', 'UV01']","['BU', 'CC', 'FW', 'QC', 'CC', 'DC', 'FD', 'FW', 'JD', 'PZ', 'QT', 'RG', 'SJ', 'UV']"
Jiahao,44799642380,3,2,['CC01'],['CC33'],"['CC', 'CC']"
Jiahao,45293052304,3,2,['CC38'],['CC40'],"['CC', 'CC']"
Jiahao,45410114111,3,2,['CC06'],"['CC08,CC40,CC46,CC47']","['CC', 'CC']"
Jiahao,522145128789,3,3,['CC01'],"['CC07', 'SJ01']","['CC', 'CC', 'SJ']"
Jiahao,523084126902,3,1,[],['DC21'],['DC']
Jiahao,18820622609,3,5,"['CC07', 'UV38']","['CC43', 'DC20', 'UV39']","['CC', 'UV', 'CC', 'DC', 'UV']"
Jiahao,20186366493,3,3,['CC01'],"['CC33', 'SJ01']","['CC', 'CC', 'SJ']"
Jiahao,20373091017,3,2,['CC25'],['CC27'],"['CC', 'CC']"
Jiahao,20728727154,3,8,"['CC17', 'UV53', 'YK05']","['CC15', 'DC22', 'UV65', 'XN07', 'YK01']","['CC', 'UV', 'YK', 'CC', 'DC', 'UV', 'XN', 'YK']"
Jiahao,23896264169,3,5,"['CC19', 'UV34']","['CC07', 'UV03', 'YK02']","['CC', 'UV', 'CC', 'UV', 'YK']"
Jiahao,24319152517,3,12,"['CC06', 'UV16', 'XB05']","['CC16', 'DC20', 'FD01', 'JB03', 'QT05', 'UV47', 'WD01', 'XB13', 'YK05']","['CC', 'UV', 'XB', 'CC', 'DC', 'FD', 'JB', 'QT', 'UV', 'WD', 'XB', 'YK']"
Jiahao,35674260254,3,2,['CC05'],['CC07'],"['CC', 'CC']"
Jiahao,36982442137,3,11,"['CC06', 'DK05', 'MO02', 'UV61', 'XB35']","['CC07', 'DK01', 'UV62', 'WD01', 'XB08', 'ZG07']","['CC', 'DK', 'MO', 'UV', 'XB', 'CC', 'DK', 'UV', 'WD', 'XB', 'ZG']"
Jiahao,37745552927,3,7,['CC02'],"['CC04', 'DC12', 'FD01', 'RG02', 'SJ03', 'UV01']","['CC', 'CC', 'DC', 'FD', 'RG', 'SJ', 'UV']"
Jiahao,37870465778,3,,[],[],[]
Jiahao,40112687054,3,,[],[],[]
Jiahao,40148868087,3,2,['CC01'],['CC33'],"['CC', 'CC']"
Jiahao,40175359932,3,2,['CC24'],['CC07'],"['CC', 'CC']"
Jiahao,42981617542,3,5,['CC21'],"['CC22', 'DC08', 'JB01', 'ZG09']","['CC', 'CC', 'DC', 'JB', 'ZG']"
Jiahao,44069100271,3,2,['CC06'],['CC08'],"['CC', 'CC']"
Jiahao,522086451970,3,2,['CC06'],['CC08'],"['CC', 'CC']"
Jiahao,522743875767,3,2,['CC01'],['CC33'],"['CC', 'CC']"
Jiahao,42681494957,3,9,"['CC24', 'XB35']","['CC19', 'DC05', 'JB01', 'ND03', 'RG03', 'XB05', 'XN01']","['CC', 'XB', 'CC', 'DC', 'JB', 'ND', 'RG', 'XB', 'XN']"
Jiahao,37443266749,3,2,['CC06'],['CC08'],"['CC', 'CC']"
Jiahao,43452978184,3,5,"['CC38', 'UV01']","['CC39', 'SJ09', 'UV10']","['CC', 'UV', 'CC', 'SJ', 'UV']"
Jiahao,25673844634,3,8,['CC06'],"['CC08', 'FW01', 'SP02', 'UV01', 'XN01', 'XN07', 'ZG01']","['CC', 'CC', 'FW', 'SP', 'UV', 'XN', 'XN', 'ZG']"
Jiahao,23924620234,3,4,['CC06'],"['CC40', 'ND01', 'YK01']","['CC', 'CC', 'ND', 'YK']"
Jiahao,40452911197,3,2,['CC24'],['CC22'],"['CC', 'CC']"
Jiahao,43853759026,3,2,['CC06'],['CC08'],"['CC', 'CC']"
Jiahao,44881048637,3,8,"['CC21', 'UV34', 'XB21']","['CC07', 'MO04', 'UV03', 'XB50', 'YK13']","['CC', 'UV', 'XB', 'CC', 'MO', 'UV', 'XB', 'YK']"
Jiahao,522863996797,3,1,[],['CC07'],['CC']
Jiahao,36513357018,3,12,[],"['BU01', 'CC06', 'DC13', 'DK01', 'FD01', 'QT01', 'SP01', 'JD03', 'UV29', 'WD01', 'YK01', 'ZG01']","['BU', 'CC', 'DC', 'DK', 'FD', 'QT', 'SP', 'JD', 'UV', 'WD', 'YK', 'ZG']"
Jiahao,18352298789,3,3,[],"['DC13', 'YK05', 'ZG18']","['DC', 'YK', 'ZG']"
Jiahao,37241107923,3,,[],[],[]
Jiahao,23969324559,3,9,"['CC24', 'XB35']","['CC19', 'DC14', 'JB01', 'ND03', 'RG03', 'XB05', 'XN01']","['CC', 'XB', 'CC', 'DC', 'JB', 'ND', 'RG', 'XB', 'XN']"
Jiahao,24291960195,3,7,"['CC05', 'XB35']","['CC29', 'DC15', 'UV36', 'XB63', 'ZG01']","['CC', 'XB', 'CC', 'DC', 'UV', 'XB', 'ZG']"
Jiahao,43426870825,3,5,['CC20'],"['CC21', 'DC08', 'DK01', 'WD01']","['CC', 'CC', 'DC', 'DK', 'WD']"
Jiahao,38631814095,3,10,"['CC07', 'UV45', 'XB04', 'YK05']","['CC08', 'FD05', 'PZ08', 'UV02', 'XB06', 'XN07']","['CC', 'UV', 'XB', 'YK', 'CC', 'FD', 'PZ', 'UV', 'XB', 'XN']"
Jiahao,36574928690,3,7,"['CC17', 'ND01']","['CC16', 'DC07', 'UV31', 'XB60', 'ZG01']","['CC', 'ND', 'CC', 'DC', 'UV', 'XB', 'ZG']"
Jiahao,44331296085,3,10,"['CC02', 'DK06', 'XB07']","['CC33', 'DK15', 'QT01', 'SJ01', 'WD01', 'XB70', 'YK01']","['CC', 'DK', 'XB', 'CC', 'DK', 'QT', 'SJ', 'WD', 'XB', 'YK']"
Jiahao,37908516066,3,,[],[],[]
Jiahao,41583985792,3,,[],[],[]
Jiahao,35557065616,3,,[],[],[]
Jiahao,43473279886,3,2,['DC07'],['CC33'],"['DC', 'CC']"
Jiahao,,3,,[],[],[]
Jiahao,44021641588,4,1,[],['CC08'],['CC']
Jiahao,18999829018,4,1,[],['DC20'],['DC']
Jiahao,24596036343,4,8,"['CC21', 'MO03']","['CC23', 'FH02', 'DC08', 'JB01', 'ZG09', 'YK05']","['CC', 'MO', 'CC', 'FH', 'DC', 'JB', 'ZG', 'YK']"
Jiahao,45219159638,4,1,[],['CC33'],['CC']
Jiahao,40565901878,4,,[],[],[]
Jiahao,36613205733,4,9,"['CC24', 'XB35']","['CC16', 'XB36', 'DC14', 'RG03', 'ND01', 'EJ01', 'YD01']","['CC', 'XB', 'CC', 'XB', 'DC', 'RG', 'ND', 'EJ', 'YD']"
Jiahao,41599133465,4,,[],[],[]
Jiahao,43859660891,4,2,['CC24'],['CC23'],"['CC', 'CC']"
Jiahao,38708270318,4,4,['CC05'],"['CC40', 'XN01', 'PZ08']","['CC', 'CC', 'XN', 'PZ']"
Jiahao,35540978058,4,5,['CC06'],"['CC46', 'UV22', 'DC15', 'PZ09']","['CC', 'CC', 'UV', 'DC', 'PZ']"
Jiahao,26519380192,4,9,"['CC07', 'UV25', 'XB44', 'DK12']","['CC08', 'UV27', 'XB39', 'DK17', 'DC02']","['CC', 'UV', 'XB', 'DK', 'CC', 'UV', 'XB', 'DK', 'DC']"
Jiahao,521513506795,4,7,"['CC05', 'XB35']","['CC06', 'XB05', 'DC14', 'RG03', 'YK01']","['CC', 'XB', 'CC', 'XB', 'DC', 'RG', 'YK']"
Jiahao,18053093587,4,8,"['CC06', 'UV48', 'XB35']","['CC08', 'UV30', 'XB09', 'ZG07', 'FW03']","['CC', 'UV', 'XB', 'CC', 'UV', 'XB', 'ZG', 'FW']"
Jiahao,42468840454,4,4,[],"['MO09', 'YK02', 'SJ02', 'DC21']","['MO', 'YK', 'SJ', 'DC']"
Jiahao,522033862841,4,2,['CC01'],['CC04'],"['CC', 'CC']"
Jiahao,521870063421,4,3,['MO06'],"['DC04', 'SJ07']","['MO', 'DC', 'SJ']"
Jiahao,522097809685,4,8,"['CC05', 'XB35']","['CC06', 'XB05', 'DC21', 'MO09', 'UV20', 'PZ08']","['CC', 'XB', 'CC', 'XB', 'DC', 'MO', 'UV', 'PZ']"
Jiahao,523776961013,4,6,['CC02'],"['CC33', 'XN01', 'YK01', 'XB60', 'ND01']","['CC', 'CC', 'XN', 'YK', 'XB', 'ND']"
Jiahao,16831203027,4,10,"['BU01', 'CC05']","['CC06', 'GJ02', 'DC03', 'QT04', 'SJ02', 'WD01', 'XN01', 'YK01']","['BU', 'CC', 'CC', 'GJ', 'DC', 'QT', 'SJ', 'WD', 'XN', 'YK']"
Jiahao,19999809846,4,7,['XB35'],"['DC21', 'GJ01', 'QT01', 'SJ02', 'XB60', 'XN06']","['XB', 'DC', 'GJ', 'QT', 'SJ', 'XB', 'XN']"
Jiahao,20167630571,4,8,"['CC06', 'WD01', 'XB35']","['CC08', 'DC07', 'ND01', 'SP02', 'XB06']","['CC', 'WD', 'XB', 'CC', 'DC', 'ND', 'SP', 'XB']"
Jiahao,27462844289,4,3,['CC06'],"['CC08', 'DC02']","['CC', 'CC', 'DC']"
Jiahao,36910165248,4,7,['CC02'],"['CC33', 'FW01', 'ND01', 'XB60', 'XN01', 'YK01']","['CC', 'CC', 'FW', 'ND', 'XB', 'XN', 'YK']"
Jiahao,37994506504,4,4,['CC05'],"['CC46', 'PZ08', 'XN01']","['CC', 'CC', 'PZ', 'XN']"
Jiahao,38663832002,4,4,['CC05'],"['CC08', 'PZ08', 'XN01']","['CC', 'CC', 'PZ', 'XN']"
Jiahao,39237426326,4,3,['CC02'],"['CC04', 'DC10']","['CC', 'CC', 'DC']"
Jiahao,41802068265,4,9,"['CC02', 'XB35']","['CC33', 'DC10', 'GJ04', 'QT04', 'SJ28', 'WD01', 'XB07']","['CC', 'XB', 'CC', 'DC', 'GJ', 'QT', 'SJ', 'WD', 'XB']"
Jiahao,43168072227,4,12,"['CC38', 'DK01', 'XB65']","['CC06', 'DC07', 'DK09', 'ND01', 'QT04', 'SJ01', 'UV03', 'WD01', 'XB06']","['CC', 'DK', 'XB', 'CC', 'DC', 'DK', 'ND', 'QT', 'SJ', 'UV', 'WD', 'XB']"
Jiahao,43736454825,4,10,"['CC06', 'SJ01', 'XB65']","['CC07', 'DC13', 'GJ04', 'QT04', 'SJ02', 'WD05', 'XB05']","['CC', 'SJ', 'XB', 'CC', 'DC', 'GJ', 'QT', 'SJ', 'WD', 'XB']"
Jiahao,44231886556,4,17,"['BU01', 'CC02', 'FW20', 'QC02']","['CC04', 'DC21', 'FD01', 'FW01', 'GJ01', 'JD03', 'QT03', 'RG02', 'SJ01', 'SP01', 'UV01', 'WJ01', 'XN07']","['BU', 'CC', 'FW', 'QC', 'CC', 'DC', 'FD', 'FW', 'GJ', 'JD', 'QT', 'RG', 'SJ', 'SP', 'UV', 'WJ', 'XN']"
Jiahao,44799642380,4,2,['CC01'],['CC04'],"['CC', 'CC']"
Jiahao,45293052304,4,3,[],"['DC01', 'FW15', 'SJ07']","['DC', 'FW', 'SJ']"
Jiahao,45410114111,4,4,['CC06'],"['CC07', 'DC21', 'PZ08']","['CC', 'CC', 'DC', 'PZ']"
Jiahao,522145128789,4,4,['CC01'],"['CC08', 'DC21', 'SJ01']","['CC', 'CC', 'DC', 'SJ']"
Jiahao,523084126902,4,1,[],['DC21'],['DC']
Jiahao,18820622609,4,,[],[],[]
Jiahao,20186366493,4,1,[],['DC07'],['DC']
Jiahao,20373091017,4,,[],[],[]
Jiahao,20728727154,4,9,"['CC17', 'UV53', 'YK05']","['CC15', 'DC21', 'SJ15', 'UV03', 'XN07', 'YK01']","['CC', 'UV', 'YK', 'CC', 'DC', 'SJ', 'UV', 'XN', 'YK']"
Jiahao,23896264169,4,7,"['CC19', 'UV34']","['CC07', 'DC02', 'UV03', 'WD05', 'YK02']","['CC', 'UV', 'CC', 'DC', 'UV', 'WD', 'YK']"
Jiahao,24319152517,4,12,"['CC06', 'UV16', 'XB05']","['CC31', 'DC02', 'FD01', 'JB03', 'QT05', 'UV47', 'WD01', 'XB26', 'YK05']","['CC', 'UV', 'XB', 'CC', 'DC', 'FD', 'JB', 'QT', 'UV', 'WD', 'XB', 'YK']"
Jiahao,35674260254,4,2,['CC05'],['CC08'],"['CC', 'CC']"
Jiahao,36982442137,4,10,"['CC06', 'DK05', 'MO02', 'UV61', 'XB35']","['CC08', 'DK01', 'UV62', 'XB08', 'ZG07']","['CC', 'DK', 'MO', 'UV', 'XB', 'CC', 'DK', 'UV', 'XB', 'ZG']"
Jiahao,37745552927,4,11,['CC02'],"['CC04', 'DC01', 'FD01', 'GJ01', 'RG02', 'SJ03', 'SP01', 'UV01', 'WJ01', 'XN07']","['CC', 'CC', 'DC', 'FD', 'GJ', 'RG', 'SJ', 'SP', 'UV', 'WJ', 'XN']"
Jiahao,37870465778,4,,[],[],[]
Jiahao,40112687054,4,,[],[],[]
Jiahao,40148868087,4,2,['SJ28'],['SJ07'],"['SJ', 'SJ']"
Jiahao,40175359932,4,1,[],['DC01'],['DC']
Jiahao,42981617542,4,8,"['CC21', 'MO03']","['CC23', 'DC08', 'FH02', 'JB01', 'YK05', 'ZG09']","['CC', 'MO', 'CC', 'DC', 'FH', 'JB', 'YK', 'ZG']"
Jiahao,44069100271,4,1,[],['DC08'],['DC']
Jiahao,522086451970,4,4,['CC06'],"['CC08', 'DC08', 'UV58']","['CC', 'CC', 'DC', 'UV']"
Jiahao,522743875767,4,2,['CC01'],['CC04'],"['CC', 'CC']"
Jiahao,42681494957,4,13,"['CC24', 'UV36', 'XB35']","['CC19', 'DC02', 'GJ03', 'JB01', 'ND03', 'RG03', 'UV54', 'WD04', 'XB06', 'XN01']","['CC', 'UV', 'XB', 'CC', 'DC', 'GJ', 'JB', 'ND', 'RG', 'UV', 'WD', 'XB', 'XN']"
Jiahao,37443266749,4,1,[],['DC21'],['DC']
Jiahao,43452978184,4,6,"['CC38', 'UV01']","['CC40', 'SJ09', 'UV10', 'YK01']","['CC', 'UV', 'CC', 'SJ', 'UV', 'YK']"
Jiahao,25673844634,4,8,['CC06'],"['CC43', 'FW01', 'SP02', 'UV01', 'XN01', 'XN07', 'ZG01']","['CC', 'CC', 'FW', 'SP', 'UV', 'XN', 'XN', 'ZG']"
Jiahao,23924620234,4,6,[],"['DC02', 'GJ04', 'ND01', 'PZ08', 'SJ29', 'YK01']","['DC', 'GJ', 'ND', 'PZ', 'SJ', 'YK']"
Jiahao,40452911197,4,2,['CC24'],['CC23'],"['CC', 'CC']"
Jiahao,43853759026,4,1,[],['DC08'],['DC']
Jiahao,44881048637,4,11,"['CC21', 'UV34', 'XB21']","['CC08', 'DK01', 'QT01', 'SJ03', 'MO04', 'UV03', 'XB50', 'YK13']","['CC', 'UV', 'XB', 'CC', 'DK', 'QT', 'SJ', 'MO', 'UV', 'XB', 'YK']"
Jiahao,522863996797,4,1,[],['CC08'],['CC']
Jiahao,36513357018,4,12,[],"['BU01', 'CC07', 'DC13', 'DK01', 'FD01', 'QT01', 'SP01', 'JD03', 'UV29', 'WD01', 'YK01', 'ZG01']","['BU', 'CC', 'DC', 'DK', 'FD', 'QT', 'SP', 'JD', 'UV', 'WD', 'YK', 'ZG']"
Jiahao,18352298789,4,4,[],"['DC02', 'QT15', 'YK05', 'ZG18']","['DC', 'QT', 'YK', 'ZG']"
Jiahao,37241107923,4,,[],[],[]
Jiahao,23969324559,4,13,"['CC24', 'UV36', 'XB35']","['CC19', 'DC02', 'GJ03', 'JB01', 'ND03', 'RG03', 'UV54', 'WD04', 'XB06', 'XN01']","['CC', 'UV', 'XB', 'CC', 'DC', 'GJ', 'JB', 'ND', 'RG', 'UV', 'WD', 'XB', 'XN']"
Jiahao,24291960195,4,7,"['CC05', 'XB35']","['CC29', 'DC02', 'UV36', 'XB63', 'ZG01']","['CC', 'XB', 'CC', 'DC', 'UV', 'XB', 'ZG']"
Jiahao,43426870825,4,5,['CC20'],"['CC21', 'DC07', 'DK01', 'WD01']","['CC', 'CC', 'DC', 'DK', 'WD']"
Jiahao,38631814095,4,,[],[],[]
Jiahao,36574928690,4,7,"['CC17', 'ND01']","['CC15', 'DC07', 'UV31', 'XB60', 'ZG01']","['CC', 'ND', 'CC', 'DC', 'UV', 'XB', 'ZG']"
Jiahao,44331296085,4,,[],[],[]
Jiahao,37908516066,4,,[],[],[]
Jiahao,41583985792,4,,[],[],[]
Jiahao,35557065616,4,,[],[],[]
Jiahao,43473279886,4,1,[],['CC02'],['CC']
Jiahao,,4,,[],[],[]
Jiahao,44021641588,5,,[],[],[]
Jiahao,18999829018,5,3,['CC38'],"['CC39', 'DC20']","['CC', 'CC', 'DC']"
Jiahao,24596036343,5,8,"['CC21', 'MO03']","['CC19', 'FH02', 'DC09', 'JB01', 'ZG09', 'YK05']","['CC', 'MO', 'CC', 'FH', 'DC', 'JB', 'ZG', 'YK']"
Jiahao,45219159638,5,,[],[],[]
Jiahao,40565901878,5,,[],[],[]
Jiahao,36613205733,5,12,"['CC24', 'XB35', 'UV36']","['CC16', 'XB36', 'UV54', 'DC02', 'RG03', 'ND01', 'WD04', 'EJ02', 'YD01']","['CC', 'XB', 'UV', 'CC', 'XB', 'UV', 'DC', 'RG', 'ND', 'WD', 'EJ', 'YD']"
Jiahao,41599133465,5,,[],[],[]
Jiahao,43859660891,5,1,[],['DC01'],['DC']
Jiahao,38708270318,5,1,[],['DC01'],['DC']
Jiahao,35540978058,5,5,['CC06'],"['CC46', 'UV22', 'DC01', 'PZ02']","['CC', 'CC', 'UV', 'DC', 'PZ']"
Jiahao,26519380192,5,11,"['CC07', 'UV25', 'XB44', 'DK12']","['CC08', 'UV24', 'XB40', 'DK17', 'DC02', 'QT04', 'SJ10']","['CC', 'UV', 'XB', 'DK', 'CC', 'UV', 'XB', 'DK', 'DC', 'QT', 'SJ']"
Jiahao,521513506795,5,8,"['CC05', 'XB35']","['CC07', 'XB05', 'DC14', 'RG03', 'YK01', 'ND01']","['CC', 'XB', 'CC', 'XB', 'DC', 'RG', 'YK', 'ND']"
Jiahao,18053093587,5,11,"['CC06', 'UV48', 'XB35']","['CC07', 'UV30', 'XB09', 'ZG07', 'FW03', 'DC15', 'YK04', 'SJ25']","['CC', 'UV', 'XB', 'CC', 'UV', 'XB', 'ZG', 'FW', 'DC', 'YK', 'SJ']"
Jiahao,42468840454,5,6,['CC38'],"['CC07', 'MO09', 'YK02', 'SJ02', 'DC21']","['CC', 'CC', 'MO', 'YK', 'SJ', 'DC']"
Jiahao,522033862841,5,5,['SJ02'],"['DC01', 'BJ01', 'PZ01', 'SJ03']","['SJ', 'DC', 'BJ', 'PZ', 'SJ']"
Jiahao,521870063421,5,5,"['CC01', 'SJ01']","['CC02', 'DC04', 'SJ07']","['CC', 'SJ', 'CC', 'DC', 'SJ']"
Jiahao,522097809685,5,8,"['CC05', 'XB35']","['CC07', 'XB05', 'DC21', 'MO09', 'UV20', 'PZ08']","['CC', 'XB', 'CC', 'XB', 'DC', 'MO', 'UV', 'PZ']"
Jiahao,523776961013,5,6,['CC02'],"['CC04', 'XN01', 'YK01', 'XB60', 'ND01']","['CC', 'CC', 'XN', 'YK', 'XB', 'ND']"
Jiahao,16831203027,5,9,['CC05'],"['CC07', 'GJ02', 'DC03', 'QT04', 'SJ02', 'WD01', 'XN01', 'YK01']","['CC', 'CC', 'GJ', 'DC', 'QT', 'SJ', 'WD', 'XN', 'YK']"
Jiahao,19999809846,5,10,"['CC06', 'XB35']","['BJ02', 'CC07', 'DC21', 'GJ01', 'QT01', 'SJ02', 'XB60', 'XN06']","['CC', 'XB', 'BJ', 'CC', 'DC', 'GJ', 'QT', 'SJ', 'XB', 'XN']"
Jiahao,20167630571,5,8,"['CC06', 'XB35']","['CC08', 'DC07', 'ND01', 'SJ01', 'SP02', 'XB06']","['CC', 'XB', 'CC', 'DC', 'ND', 'SJ', 'SP', 'XB']"
Jiahao,27462844289,5,7,"['CC06', 'XB05']","['CC07', 'DC02', 'PZ03', 'SJ01', 'XB19']","['CC', 'XB', 'CC', 'DC', 'PZ', 'SJ', 'XB']"
Jiahao,36910165248,5,7,['CC02'],"['CC04', 'FW01', 'ND01', 'XB60', 'XN01', 'YK01']","['CC', 'CC', 'FW', 'ND', 'XB', 'XN', 'YK']"
Jiahao,37994506504,5,1,[],['DC01'],['DC']
Jiahao,38663832002,5,1,[],['DC01'],['DC']
Jiahao,39237426326,5,,[],[],[]
Jiahao,41802068265,5,9,"['CC02', 'XB35']","['CC04', 'DC10', 'GJ04', 'QT04', 'SJ28', 'WD01', 'XB07']","['CC', 'XB', 'CC', 'DC', 'GJ', 'QT', 'SJ', 'WD', 'XB']"
Jiahao,43168072227,5,12,"['CC38', 'DK01', 'XB65']","['CC07', 'DC07', 'DK09', 'ND01', 'QT04', 'SJ01', 'UV03', 'WD01', 'XB06']","['CC', 'DK', 'XB', 'CC', 'DC', 'DK', 'ND', 'QT', 'SJ', 'UV', 'WD', 'XB']"
Jiahao,43736454825,5,10,"['CC06', 'SJ01', 'XB65']","['CC08', 'DC13', 'GJ04', 'QT04', 'SJ02', 'WD05', 'XB05']","['CC', 'SJ', 'XB', 'CC', 'DC', 'GJ', 'QT', 'SJ', 'WD', 'XB']"
Jiahao,44231886556,5,,[],[],[]
Jiahao,44799642380,5,5,['SJ28'],"['BJ01', 'DC01', 'PZ01', 'SJ03']","['SJ', 'BJ', 'DC', 'PZ', 'SJ']"
Jiahao,45293052304,5,5,['CC38'],"['CC39', 'DC01', 'FW15', 'SJ07']","['CC', 'CC', 'DC', 'FW', 'SJ']"
Jiahao,45410114111,5,6,"['CC06', 'SJ07']","['CC08,CC40,CC46,CC47', 'DC21', 'PZ08', 'SJ03']","['CC', 'SJ', 'CC', 'DC', 'PZ', 'SJ']"
Jiahao,522145128789,5,2,[],"['DC21', 'SJ01']","['DC', 'SJ']"
Jiahao,523084126902,5,1,[],['DC01'],['DC']
Jiahao,18820622609,5,,[],[],[]
Jiahao,20186366493,5,4,['CC01'],"['CC02', 'DC07', 'SJ01']","['CC', 'CC', 'DC', 'SJ']"
Jiahao,20373091017,5,,[],[],[]
Jiahao,20728727154,5,13,"['CC17', 'DK13', 'UV53', 'XB52', 'YK05']","['CC15', 'DC01', 'RG01', 'SJ15', 'UV51', 'XB54', 'XN07', 'YK01']","['CC', 'DK', 'UV', 'XB', 'YK', 'CC', 'DC', 'RG', 'SJ', 'UV', 'XB', 'XN', 'YK']"
Jiahao,23896264169,5,8,"['CC19', 'UV34']","['CC08', 'DC02', 'SJ29', 'UV43', 'WD05', 'YK02']","['CC', 'UV', 'CC', 'DC', 'SJ', 'UV', 'WD', 'YK']"
Jiahao,24319152517,5,13,"['CC06', 'UV16', 'XB05']","['CC31', 'DC02', 'FD01', 'JB03', 'QT05', 'SJ11', 'UV47', 'WD01', 'XB26', 'YK05']","['CC', 'UV', 'XB', 'CC', 'DC', 'FD', 'JB', 'QT', 'SJ', 'UV', 'WD', 'XB', 'YK']"
Jiahao,35674260254,5,3,['CC05'],"['CC06', 'DC01']","['CC', 'CC', 'DC']"
Jiahao,36982442137,5,14,"['CC06', 'DK05', 'MO02', 'UV61', 'XB35']","['CC07', 'DC15', 'DK01', 'FW02', 'SJ01', 'UV63', 'XB09', 'YK04', 'ZG01']","['CC', 'DK', 'MO', 'UV', 'XB', 'CC', 'DC', 'DK', 'FW', 'SJ', 'UV', 'XB', 'YK', 'ZG']"
Jiahao,37745552927,5,4,['XB07'],"['SJ06', 'XB06', '']","['XB', 'SJ', 'XB', '']"
Jiahao,37870465778,5,,[],[],[]
Jiahao,40112687054,5,,[],[],[]
Jiahao,40148868087,5,4,"['CC01', 'SJ28']","['CC02', 'SJ07']","['CC', 'SJ', 'CC', 'SJ']"
Jiahao,40175359932,5,3,['CC24'],"['CC06', 'DC01']","['CC', 'CC', 'DC']"
Jiahao,42981617542,5,8,"['CC21', 'MO03']","['CC19', 'DC09', 'FH02', 'JB01', 'YK05', 'ZG09']","['CC', 'MO', 'CC', 'DC', 'FH', 'JB', 'YK', 'ZG']"
Jiahao,44069100271,5,3,['CC06'],"['CC07', 'DC08']","['CC', 'CC', 'DC']"
Jiahao,522086451970,5,4,['CC06'],"['CC08', 'DC01', 'UV58']","['CC', 'CC', 'DC', 'UV']"
Jiahao,522743875767,5,1,[],['DC01'],['DC']
Jiahao,42681494957,5,13,"['CC24', 'UV36', 'XB35']","['CC15', 'DC02', 'GJ03', 'JB01', 'ND03', 'RG03', 'UV54', 'WD04', 'XB06', 'XN01']","['CC', 'UV', 'XB', 'CC', 'DC', 'GJ', 'JB', 'ND', 'RG', 'UV', 'WD', 'XB', 'XN']"
Jiahao,37443266749,5,3,['CC06'],"['CC07', 'DC21']","['CC', 'CC', 'DC']"
Jiahao,43452978184,5,,[],[],[]
Jiahao,25673844634,5,,[],[],[]
Jiahao,23924620234,5,8,['CC06'],"['CC38', 'DC02', 'GJ04', 'ND01', 'PZ08', 'SJ29', 'YK01']","['CC', 'CC', 'DC', 'GJ', 'ND', 'PZ', 'SJ', 'YK']"
Jiahao,40452911197,5,5,[],"['QT02', 'DC21', 'JB01', 'QC02', 'QT19']","['QT', 'DC', 'JB', 'QC', 'QT']"
Jiahao,43853759026,5,3,['CC06'],"['CC07', 'DC08']","['CC', 'CC', 'DC']"
Jiahao,44881048637,5,,[],[],[]
Jiahao,522863996797,5,,[],[],[]
Jiahao,36513357018,5,12,[],"['BU01', 'CC08', 'DC13', 'DK01', 'FD01', 'QT01', 'SP01', 'JD03', 'UV29', 'WD01', 'YK01', 'ZG01']","['BU', 'CC', 'DC', 'DK', 'FD', 'QT', 'SP', 'JD', 'UV', 'WD', 'YK', 'ZG']"
Jiahao,18352298789,5,6,['CC16'],"['CC13', 'DC13', 'QT15', 'YK05', 'ZG18']","['CC', 'CC', 'DC', 'QT', 'YK', 'ZG']"
Jiahao,37241107923,5,,[],[],[]
Jiahao,23969324559,5,13,"['CC24', 'UV36', 'XB35']","['CC18', 'DC02', 'GJ03', 'JB01', 'ND03', 'RG03', 'UV54', 'WD04', 'XB06', 'XN01']","['CC', 'UV', 'XB', 'CC', 'DC', 'GJ', 'JB', 'ND', 'RG', 'UV', 'WD', 'XB', 'XN']"
Jiahao,24291960195,5,7,"['CC05', 'XB35']","['CC29', 'DC15', 'UV54', 'XB63', 'ZG01']","['CC', 'XB', 'CC', 'DC', 'UV', 'XB', 'ZG']"
Jiahao,43426870825,5,5,['CC20'],"['CC22', 'DC07', 'DK01', 'WD01']","['CC', 'CC', 'DC', 'DK', 'WD']"
Jiahao,38631814095,5,,[],[],[]
Jiahao,36574928690,5,7,"['CC17', 'ND01']","['XB60', 'CC15', 'DC07', 'UV31', 'ZG01']","['CC', 'ND', 'XB', 'CC', 'DC', 'UV', 'ZG']"
Jiahao,44331296085,5,,[],[],[]
Jiahao,37908516066,5,,[],[],[]
Jiahao,41583985792,5,,[],[],[]
Jiahao,35557065616,5,,[],[],[]
Jiahao,43473279886,5,1,[],['CC33'],['CC']
Jiahao,,5,,[],[],[]
Jiahao,44021641588,6,,[],[],[]
Jiahao,18999829018,6,3,['CC38'],"['CC40', 'DC20']","['CC', 'CC', 'DC']"
Jiahao,24596036343,6,9,"['CC21', 'MO03']","['CC15', 'FH02', 'DC09', 'JB01', 'ZG09', 'YK05', 'PZ07']","['CC', 'MO', 'CC', 'FH', 'DC', 'JB', 'ZG', 'YK', 'PZ']"
Jiahao,45219159638,6,,[],[],[]
Jiahao,40565901878,6,,[],[],[]
Jiahao,36613205733,6,13,"['CC24', 'XB35', 'UV36']","['CC15', 'XB36', 'UV54', 'DC02', 'RG03', 'ND01', 'WD04', 'BD03', 'EJ02', 'YD01']","['CC', 'XB', 'UV', 'CC', 'XB', 'UV', 'DC', 'RG', 'ND', 'WD', 'BD', 'EJ', 'YD']"
Jiahao,41599133465,6,,[],[],[]
Jiahao,43859660891,6,3,['CC24'],"['DC01', 'CC21']","['CC', 'DC', 'CC']"
Jiahao,38708270318,6,4,['CC05'],"['CC38', 'SJ01', 'DC01']","['CC', 'CC', 'SJ', 'DC']"
Jiahao,35540978058,6,,[],[],[]
Jiahao,26519380192,6,11,"['CC07', 'UV25', 'XB44', 'DK12']","['CC43', 'UV28', 'XB40', 'DK17', 'DC02', 'QT04', 'SJ22']","['CC', 'UV', 'XB', 'DK', 'CC', 'UV', 'XB', 'DK', 'DC', 'QT', 'SJ']"
Jiahao,521513506795,6,9,"['SJ23', 'XB35']","['SJ07', 'XB05', 'DC02', 'RG03', 'YK01', 'ND01', 'PZ01']","['SJ', 'XB', 'SJ', 'XB', 'DC', 'RG', 'YK', 'ND', 'PZ']"
Jiahao,18053093587,6,11,"['CC06', 'UV48', 'XB35']","['CC08', 'UV30', 'XB09', 'ZG07', 'FW03', 'DC15', 'YK04', 'SJ25']","['CC', 'UV', 'XB', 'CC', 'UV', 'XB', 'ZG', 'FW', 'DC', 'YK', 'SJ']"
Jiahao,42468840454,6,5,[],"['MO09', 'YK02', 'SJ02', 'DC01', 'XN01']","['MO', 'YK', 'SJ', 'DC', 'XN']"
Jiahao,522033862841,6,8,"['CC01', 'SJ02', 'JC04']","['CC02', 'DC01', 'BJ01', 'PZ01', 'SJ03']","['CC', 'SJ', 'JC', 'CC', 'DC', 'BJ', 'PZ', 'SJ']"
Jiahao,521870063421,6,5,"['CC01', 'SJ01']","['CC33', 'DC04', 'SJ07']","['CC', 'SJ', 'CC', 'DC', 'SJ']"
Jiahao,522097809685,6,6,"['CC05', 'XB35']","['CC06', 'XB05', 'DC21', 'MO09']","['CC', 'XB', 'CC', 'XB', 'DC', 'MO']"
Jiahao,523776961013,6,10,['CC02'],"['CC33', 'XN01', 'YK01', 'XB60', 'ND01', 'XB61', 'XB03', 'WJ01', 'XN07']","['CC', 'CC', 'XN', 'YK', 'XB', 'ND', 'XB', 'XB', 'WJ', 'XN']"
Jiahao,16831203027,6,11,['CC05'],"['CC06', 'GJ02', 'DC02', 'ND01', 'PZ06', 'QT04', 'SJ02', 'WD01', 'XN01', 'YK01']","['CC', 'CC', 'GJ', 'DC', 'ND', 'PZ', 'QT', 'SJ', 'WD', 'XN', 'YK']"
Jiahao,19999809846,6,9,['XB35'],"['BJ02', 'DC01', 'GJ01', 'QT01', 'SJ02', 'XB60', 'XN01', 'XN06']","['XB', 'BJ', 'DC', 'GJ', 'QT', 'SJ', 'XB', 'XN', 'XN']"
Jiahao,20167630571,6,,[],[],[]
Jiahao,27462844289,6,7,"['CC06', 'XB05']","['CC08', 'DC02', 'PZ03', 'SJ01', 'XB19']","['CC', 'XB', 'CC', 'DC', 'PZ', 'SJ', 'XB']"
Jiahao,36910165248,6,9,['CC02'],"['CC33', 'FW01', 'ND01', 'WJ01', 'XB68', 'XN01', 'XN07', 'YK01']","['CC', 'CC', 'FW', 'ND', 'WJ', 'XB', 'XN', 'XN', 'YK']"
Jiahao,37994506504,6,4,['CC05'],"['CC38', 'DC01', 'SJ01']","['CC', 'CC', 'DC', 'SJ']"
Jiahao,38663832002,6,4,['CC05'],"['CC06', 'DC01', 'SJ07']","['CC', 'CC', 'DC', 'SJ']"
Jiahao,39237426326,6,,[],[],[]
Jiahao,41802068265,6,11,"['FD01', 'XB35', 'YK13']","['DC01', 'GJ04', 'QT04', 'SJ28', 'WD01', 'XB07', 'XN01', 'UV03']","['FD', 'XB', 'YK', 'DC', 'GJ', 'QT', 'SJ', 'WD', 'XB', 'XN', 'UV']"
Jiahao,43168072227,6,12,"['CC38', 'DK01', 'XB65']","['CC06', 'DC07', 'DK09', 'ND01', 'QT04', 'SJ01', 'UV03', 'WD01', 'XB06']","['CC', 'DK', 'XB', 'CC', 'DC', 'DK', 'ND', 'QT', 'SJ', 'UV', 'WD', 'XB']"
Jiahao,43736454825,6,9,"['SJ01', 'XB65']","['DC13', 'GJ04', 'QT04', 'SJ02', 'WD05', 'XB05', 'XN01']","['SJ', 'XB', 'DC', 'GJ', 'QT', 'SJ', 'WD', 'XB', 'XN']"
Jiahao,44231886556,6,,[],[],[]
Jiahao,44799642380,6,7,"['CC01', 'SJ28']","['BJ01', 'CC02', 'DC01', 'PZ01', 'SJ03']","['CC', 'SJ', 'BJ', 'CC', 'DC', 'PZ', 'SJ']"
Jiahao,45293052304,6,5,['CC38'],"['CC40', 'DC01', 'FW15', 'SJ07']","['CC', 'CC', 'DC', 'FW', 'SJ']"
Jiahao,45410114111,6,7,"['SJ07', 'XB07']","['DC01', 'GJ04', 'PZ08', 'SJ03', 'XB06']","['SJ', 'XB', 'DC', 'GJ', 'PZ', 'SJ', 'XB']"
Jiahao,522145128789,6,4,['CC01'],"['CC06', 'DC21', 'SJ01']","['CC', 'CC', 'DC', 'SJ']"
Jiahao,523084126902,6,3,['CC07'],"['CC08,CC40,CC46,CC47', 'DC01']","['CC', 'CC', 'DC']"
Jiahao,18820622609,6,,[],[],[]
Jiahao,20186366493,6,4,['CC01'],"['CC33', 'DC07', 'SJ01']","['CC', 'CC', 'DC', 'SJ']"
Jiahao,20373091017,6,,[],[],[]
Jiahao,20728727154,6,13,"['CC17', 'DK13', 'UV53', 'XB52', 'YK05']","['CC15', 'DC01', 'RG01', 'SJ15', 'UV52', 'XB55', 'XN07', 'YK01']","['CC', 'DK', 'UV', 'XB', 'YK', 'CC', 'DC', 'RG', 'SJ', 'UV', 'XB', 'XN', 'YK']"
Jiahao,23896264169,6,10,"['CC19', 'UV34', 'XB05']","['CC07', 'DC02', 'SJ29', 'UV43', 'WD05', 'XB62', 'YK02']","['CC', 'UV', 'XB', 'CC', 'DC', 'SJ', 'UV', 'WD', 'XB', 'YK']"
Jiahao,24319152517,6,,[],[],[]
Jiahao,35674260254,6,3,['CC05'],"['CC07', 'DC01']","['CC', 'CC', 'DC']"
Jiahao,36982442137,6,14,"['CC06', 'DK05', 'MO02', 'UV61', 'XB35']","['CC08', 'DC15', 'DK01', 'FW02', 'SJ01', 'UV63', 'XB09', 'YK04', 'ZG01']","['CC', 'DK', 'MO', 'UV', 'XB', 'CC', 'DC', 'DK', 'FW', 'SJ', 'UV', 'XB', 'YK', 'ZG']"
Jiahao,37745552927,6,,[],[],[]
Jiahao,37870465778,6,,[],[],[]
Jiahao,40112687054,6,,[],[],[]
Jiahao,40148868087,6,4,"['CC01', 'SJ28']","['CC33', 'SJ07']","['CC', 'SJ', 'CC', 'SJ']"
Jiahao,40175359932,6,3,['CC24'],"['CC07', 'DC01']","['CC', 'CC', 'DC']"
Jiahao,42981617542,6,9,"['CC21', 'MO03']","['CC18', 'DC09', 'FH02', 'JB01', 'PZ07', 'YK05', 'ZG09']","['CC', 'MO', 'CC', 'DC', 'FH', 'JB', 'PZ', 'YK', 'ZG']"
Jiahao,44069100271,6,1,[],['DC02'],['DC']
Jiahao,522086451970,6,4,['CC06'],"['CC08', 'DC01', 'UV01']","['CC', 'CC', 'DC', 'UV']"
Jiahao,522743875767,6,3,['CC01'],"['CC02', 'DC01']","['CC', 'CC', 'DC']"
Jiahao,42681494957,6,,[],[],[]
Jiahao,37443266749,6,3,['CC06'],"['CC08', 'DC21']","['CC', 'CC', 'DC']"
Jiahao,43452978184,6,,[],[],[]
Jiahao,25673844634,6,,[],[],[]
Jiahao,23924620234,6,8,['CC06'],"['CC40', 'DC02', 'GJ04', 'ND01', 'PZ08', 'SJ29', 'YK01']","['CC', 'CC', 'DC', 'GJ', 'ND', 'PZ', 'SJ', 'YK']"
Jiahao,40452911197,6,7,['CC24'],"['QT02', 'CC21', 'DC21', 'JB01', 'QC02', 'QT19']","['CC', 'QT', 'CC', 'DC', 'JB', 'QC', 'QT']"
Jiahao,43853759026,6,2,[],"['DC02', 'SJ01']","['DC', 'SJ']"
Jiahao,44881048637,6,,[],[],[]
Jiahao,522863996797,6,,[],[],[]
Jiahao,36513357018,6,,[],[],[]
Jiahao,18352298789,6,6,['CC16'],"['CC15', 'DC02', 'QT15', 'YK05', 'ZG18']","['CC', 'CC', 'DC', 'QT', 'YK', 'ZG']"
Jiahao,37241107923,6,,[],[],[]
Jiahao,23969324559,6,13,"['CC24', 'UV36', 'XB35']","['CC18', 'DC02', 'GJ03', 'JB01', 'ND03', 'RG03', 'UV54', 'WD04', 'XB06', 'XN01']","['CC', 'UV', 'XB', 'CC', 'DC', 'GJ', 'JB', 'ND', 'RG', 'UV', 'WD', 'XB', 'XN']"
Jiahao,24291960195,6,7,"['CC05', 'XB35']","['CC30', 'DC15', 'UV54', 'XB63', 'ZG01']","['CC', 'XB', 'CC', 'DC', 'UV', 'XB', 'ZG']"
Jiahao,43426870825,6,,[],[],[]
Jiahao,38631814095,6,,[],[],[]
Jiahao,36574928690,6,,[],[],[]
Jiahao,44331296085,6,,[],[],[]
Jiahao,37908516066,6,,[],[],[]
Jiahao,41583985792,6,,[],[],[]
Jiahao,35557065616,6,,[],[],[]
Jiahao,43473279886,6,,[],[],[]
Jiahao,,6,,[],[],[]
Jiahao,44021641588,7,,[],[],[]
Jiahao,18999829018,7,5,['CC38'],"['CC39', 'DC20', 'SJ33', 'XN19']","['CC', 'CC', 'DC', 'SJ', 'XN']"
Jiahao,24596036343,7,8,['CC21'],"['CC22', 'DC08', 'JB01', 'ZG09', 'PZ07', 'XN06', 'SJ16']","['CC', 'CC', 'DC', 'JB', 'ZG', 'PZ', 'XN', 'SJ']"
Jiahao,45219159638,7,,[],[],[]
Jiahao,40565901878,7,,[],[],[]
Jiahao,36613205733,7,,[],[],[]
Jiahao,41599133465,7,,[],[],[]
Jiahao,43859660891,7,3,['CC24'],"['DC01', 'CC22']","['CC', 'DC', 'CC']"
Jiahao,38708270318,7,4,['CC05'],"['CC39', 'SJ01', 'DC01']","['CC', 'CC', 'SJ', 'DC']"
Jiahao,35540978058,7,,[],[],[]
Jiahao,26519380192,7,11,"['CC07', 'UV25', 'XB44', 'DK12']","['CC44', 'UV28', 'XB42', 'DK17', 'DC02', 'QT04', 'SJ21']","['CC', 'UV', 'XB', 'DK', 'CC', 'UV', 'XB', 'DK', 'DC', 'QT', 'SJ']"
Jiahao,521513506795,7,11,"['SJ23', 'CC05', 'XB35']","['SJ07', 'CC06', 'XB05', 'DC02', 'RG03', 'YK01', 'ND01', 'PZ01']","['SJ', 'CC', 'XB', 'SJ', 'CC', 'XB', 'DC', 'RG', 'YK', 'ND', 'PZ']"
Jiahao,18053093587,7,11,"['CC06', 'UV48', 'XB35']","['CC08', 'UV30', 'XB09', 'ZG07', 'FW03', 'DC02', 'YK04', 'SJ25']","['CC', 'UV', 'XB', 'CC', 'UV', 'XB', 'ZG', 'FW', 'DC', 'YK', 'SJ']"
Jiahao,42468840454,7,8,['CC38'],"['CC07', 'MO09', 'YK02', 'SJ02', 'DC01', 'XN01', 'GJ04']","['CC', 'CC', 'MO', 'YK', 'SJ', 'DC', 'XN', 'GJ']"
Jiahao,522033862841,7,7,"['CC01', 'SJ02']","['CC33', 'DC01', 'BJ01', 'PZ01', 'SJ03']","['CC', 'SJ', 'CC', 'DC', 'BJ', 'PZ', 'SJ']"
Jiahao,521870063421,7,,[],[],[]
Jiahao,522097809685,7,9,"['CC05', 'XB35', 'SJ28']","['CC07', 'XB05', 'SJ07', 'DC21', 'MO09', 'ND01']","['CC', 'XB', 'SJ', 'CC', 'XB', 'SJ', 'DC', 'MO', 'ND']"
Jiahao,523776961013,7,10,['CC02'],"['CC04', 'XN01', 'YK01', 'XB60', 'ND01', 'XB61', 'XB03', 'WJ01', 'XN07']","['CC', 'CC', 'XN', 'YK', 'XB', 'ND', 'XB', 'XB', 'WJ', 'XN']"
Jiahao,16831203027,7,11,['CC05'],"['CC07', 'GJ02', 'DC02', 'ND01', 'PZ06', 'QT04', 'SJ02', 'WD01', 'XN01', 'YK01']","['CC', 'CC', 'GJ', 'DC', 'ND', 'PZ', 'QT', 'SJ', 'WD', 'XN', 'YK']"
Jiahao,19999809846,7,12,"['CC06', 'XB35']","['BJ02', 'CC07', 'DC01', 'GJ01', 'JQ02', 'QT01', 'SJ02', 'XB60', 'XN01', 'XN06']","['CC', 'XB', 'BJ', 'CC', 'DC', 'GJ', 'JQ', 'QT', 'SJ', 'XB', 'XN', 'XN']"
Jiahao,20167630571,7,,[],[],[]
Jiahao,27462844289,7,,[],[],[]
Jiahao,36910165248,7,9,['CC02'],"['CC04', 'FW01', 'ND01', 'WJ01', 'XB68', 'XN01', 'XN07', 'YK01']","['CC', 'CC', 'FW', 'ND', 'WJ', 'XB', 'XN', 'XN', 'YK']"
Jiahao,37994506504,7,4,['CC05'],"['CC45', 'DC01', 'SJ01']","['CC', 'CC', 'DC', 'SJ']"
Jiahao,38663832002,7,4,['CC05'],"['CC07', 'DC01', 'SJ07']","['CC', 'CC', 'DC', 'SJ']"
Jiahao,39237426326,7,,[],[],[]
Jiahao,41802068265,7,12,"['CC02', 'XB35']","['CC04', 'CC33', 'DC01', 'GJ04', 'JQ02', 'QT04', 'SJ28', 'WD01', 'XB64', 'XN01']","['CC', 'XB', 'CC', 'CC', 'DC', 'GJ', 'JQ', 'QT', 'SJ', 'WD', 'XB', 'XN']"
Jiahao,43168072227,7,13,"['CC38', 'UV01', 'XB65']","['CC07', 'DC07', 'ND01', 'PZ01', 'QT04', 'SJ01', 'UV03', 'WD01', 'XB06', 'XN01']","['CC', 'UV', 'XB', 'CC', 'DC', 'ND', 'PZ', 'QT', 'SJ', 'UV', 'WD', 'XB', 'XN']"
Jiahao,43736454825,7,11,"['CC06', 'SJ01', 'XB65']","['CC07', 'DC13', 'GJ04', 'QT04', 'SJ02', 'WD05', 'XB05', 'XN01']","['CC', 'SJ', 'XB', 'CC', 'DC', 'GJ', 'QT', 'SJ', 'WD', 'XB', 'XN']"
Jiahao,44231886556,7,,[],[],[]
Jiahao,44799642380,7,7,"['CC01', 'SJ28']","['BJ01', 'CC33', 'DC01', 'PZ01', 'SJ03']","['CC', 'SJ', 'BJ', 'CC', 'DC', 'PZ', 'SJ']"
Jiahao,45293052304,7,,[],[],[]
Jiahao,45410114111,7,11,"['CC06', 'SJ07', 'UV20', 'XB07']","['CC07', 'DC01', 'GJ04', 'PZ08', 'SJ03', 'UV03', 'XB06']","['CC', 'SJ', 'UV', 'XB', 'CC', 'DC', 'GJ', 'PZ', 'SJ', 'UV', 'XB']"
Jiahao,522145128789,7,4,['CC01'],"['CC07', 'DC01', 'SJ01']","['CC', 'CC', 'DC', 'SJ']"
Jiahao,523084126902,7,3,[],"['DC01', 'PZ02', 'SJ03']","['DC', 'PZ', 'SJ']"
Jiahao,18820622609,7,,[],[],[]
Jiahao,20186366493,7,4,['CC01'],"['CC02', 'DC01', 'SJ01']","['CC', 'CC', 'DC', 'SJ']"
Jiahao,20373091017,7,,[],[],[]
Jiahao,20728727154,7,13,"['CC17', 'DK13', 'UV53', 'XB52', 'YK05']","['CC43', 'DC01', 'ND01', 'SJ15', 'UV52', 'XB56', 'XN07', 'YK01']","['CC', 'DK', 'UV', 'XB', 'YK', 'CC', 'DC', 'ND', 'SJ', 'UV', 'XB', 'XN', 'YK']"
Jiahao,23896264169,7,10,"['CC19', 'UV34', 'XB05']","['CC08', 'DC02', 'SJ08', 'UV43', 'WD05', 'XB62', 'YK02']","['CC', 'UV', 'XB', 'CC', 'DC', 'SJ', 'UV', 'WD', 'XB', 'YK']"
Jiahao,24319152517,7,,[],[],[]
Jiahao,35674260254,7,3,['CC05'],"['CC08', 'DC01']","['CC', 'CC', 'DC']"
Jiahao,36982442137,7,14,"['CC06', 'DK05', 'MO02', 'UV61', 'XB35']","['CC07', 'DC02', 'DK01', 'FW02', 'SJ01', 'UV63', 'XB09', 'YK04', 'ZG01']","['CC', 'DK', 'MO', 'UV', 'XB', 'CC', 'DC', 'DK', 'FW', 'SJ', 'UV', 'XB', 'YK', 'ZG']"
Jiahao,37745552927,7,,[],[],[]
Jiahao,37870465778,7,,[],[],[]
Jiahao,40112687054,7,,[],[],[]
Jiahao,40148868087,7,4,"['CC01', 'SJ28']","['CC04', 'SJ07']","['CC', 'SJ', 'CC', 'SJ']"
Jiahao,40175359932,7,3,['CC24'],"['CC08', 'DC01']","['CC', 'CC', 'DC']"
Jiahao,42981617542,7,8,['CC21'],"['CC22', 'DC08', 'JB01', 'PZ07', 'SJ16', 'XN06', 'ZG09']","['CC', 'CC', 'DC', 'JB', 'PZ', 'SJ', 'XN', 'ZG']"
Jiahao,44069100271,7,3,['CC06'],"['CC07', 'DC02']","['CC', 'CC', 'DC']"
Jiahao,522086451970,7,,[],[],[]
Jiahao,522743875767,7,3,['CC01'],"['CC33', 'DC01']","['CC', 'CC', 'DC']"
Jiahao,42681494957,7,,[],[],[]
Jiahao,37443266749,7,,[],[],[]
Jiahao,43452978184,7,,[],[],[]
Jiahao,25673844634,7,,[],[],[]
Jiahao,23924620234,7,,[],[],[]
Jiahao,40452911197,7,7,['CC24'],"['QT02', 'CC22', 'DC21', 'JB01', 'QC02', 'QT19']","['CC', 'QT', 'CC', 'DC', 'JB', 'QC', 'QT']"
Jiahao,43853759026,7,4,['CC06'],"['CC07', 'DC02', 'SJ01']","['CC', 'CC', 'DC', 'SJ']"
Jiahao,44881048637,7,,[],[],[]
Jiahao,522863996797,7,,[],[],[]
Jiahao,36513357018,7,,[],[],[]
Jiahao,18352298789,7,7,['CC16'],"['CC13', 'DC13', 'QT15', 'SJ16', 'YK05', 'ZG18']","['CC', 'CC', 'DC', 'QT', 'SJ', 'YK', 'ZG']"
Jiahao,37241107923,7,,[],[],[]
Jiahao,23969324559,7,13,"['CC24', 'UV36', 'XB35']","['CC18', 'DC02', 'GJ03', 'JB01', 'ND03', 'RG03', 'UV54', 'WD04', 'XB06', 'XN01']","['CC', 'UV', 'XB', 'CC', 'DC', 'GJ', 'JB', 'ND', 'RG', 'UV', 'WD', 'XB', 'XN']"
Jiahao,24291960195,7,7,"['CC05', 'XB35']","['CC30', 'DC02', 'UV54', 'XB63', 'ZG01']","['CC', 'XB', 'CC', 'DC', 'UV', 'XB', 'ZG']"
Jiahao,43426870825,7,,[],[],[]
Jiahao,38631814095,7,,[],[],[]
Jiahao,36574928690,7,,[],[],[]
Jiahao,44331296085,7,,[],[],[]
Jiahao,37908516066,7,,[],[],[]
Jiahao,41583985792,7,,[],[],[]
Jiahao,35557065616,7,,[],[],[]
Jiahao,43473279886,7,,[],[],[]
Jiahao,,7,,[],[],[]
Jiahao,44021641588,8,,[],[],[]
Jiahao,18999829018,8,7,"['CC38', 'XB21']","['CC40', 'XB05', 'DC20', 'SJ33', 'XN19']","['CC', 'XB', 'CC', 'XB', 'DC', 'SJ', 'XN']"
Jiahao,24596036343,8,11,"['CC21', 'MO03']","['CC15', 'FH02', 'DC09', 'JB01', 'ZG09', 'YK05', 'PZ07', 'XN06', 'SJ17']","['CC', 'MO', 'CC', 'FH', 'DC', 'JB', 'ZG', 'YK', 'PZ', 'XN', 'SJ']"
Jiahao,45219159638,8,,[],[],[]
Jiahao,40565901878,8,,[],[],[]
Jiahao,36613205733,8,,[],[],[]
Jiahao,41599133465,8,,[],[],[]
Jiahao,43859660891,8,3,['CC24'],"['DC01', 'CC23']","['CC', 'DC', 'CC']"
Jiahao,38708270318,8,6,['CC05'],"['CC40', 'PZ08', 'XN01', 'SJ01', 'DC01']","['CC', 'CC', 'PZ', 'XN', 'SJ', 'DC']"
Jiahao,35540978058,8,,[],[],[]
Jiahao,26519380192,8,,[],[],[]
Jiahao,521513506795,8,11,"['SJ23', 'CC05', 'XB35']","['SJ07', 'CC07', 'XB05', 'DC02', 'RG03', 'YK01', 'BD03', 'PZ01']","['SJ', 'CC', 'XB', 'SJ', 'CC', 'XB', 'DC', 'RG', 'YK', 'BD', 'PZ']"
Jiahao,18053093587,8,,[],[],[]
Jiahao,42468840454,8,9,['CC38'],"['CC08', 'MO09', 'YK02', 'SJ02', 'DC01', 'XN01', 'GJ04', 'PZ08']","['CC', 'CC', 'MO', 'YK', 'SJ', 'DC', 'XN', 'GJ', 'PZ']"
Jiahao,522033862841,8,7,"['CC01', 'SJ02']","['CC04', 'DC01', 'BJ01', 'PZ01', 'SJ03']","['CC', 'SJ', 'CC', 'DC', 'BJ', 'PZ', 'SJ']"
Jiahao,521870063421,8,,[],[],[]
Jiahao,522097809685,8,9,"['CC05', 'XB35', 'SJ28']","['CC08', 'XB05', 'SJ07', 'DC21', 'MO09', 'ND01']","['CC', 'XB', 'SJ', 'CC', 'XB', 'SJ', 'DC', 'MO', 'ND']"
Jiahao,523776961013,8,,[],[],[]
Jiahao,16831203027,8,11,['CC05'],"['CC08', 'GJ02', 'DC02', 'ND01', 'PZ06', 'QT04', 'SJ02', 'WD01', 'XN01', 'YK01']","['CC', 'CC', 'GJ', 'DC', 'ND', 'PZ', 'QT', 'SJ', 'WD', 'XN', 'YK']"
Jiahao,19999809846,8,12,"['CC06', 'XB35']","['BJ02', 'CC08', 'DC01', 'GJ01', 'JQ02', 'QT01', 'SJ02', 'XB60', 'XN01', 'XN06']","['CC', 'XB', 'BJ', 'CC', 'DC', 'GJ', 'JQ', 'QT', 'SJ', 'XB', 'XN', 'XN']"
Jiahao,20167630571,8,,[],[],[]
Jiahao,27462844289,8,,[],[],[]
Jiahao,36910165248,8,11,['CC02'],"['CC04', 'FW01', 'GJ01', 'HJ01', 'ND01', 'WJ01', 'XB68', 'XN01', 'XN07', 'YK01']","['CC', 'CC', 'FW', 'GJ', 'HJ', 'ND', 'WJ', 'XB', 'XN', 'XN', 'YK']"
Jiahao,37994506504,8,6,['CC05'],"['CC46', 'DC01', 'PZ08', 'SJ01', 'XN01']","['CC', 'CC', 'DC', 'PZ', 'SJ', 'XN']"
Jiahao,38663832002,8,6,['CC05'],"['CC08', 'DC01', 'PZ08', 'SJ07', 'XN01']","['CC', 'CC', 'DC', 'PZ', 'SJ', 'XN']"
Jiahao,39237426326,8,,[],[],[]
Jiahao,41802068265,8,9,"['CC02', 'XB35']","['DC01', 'GJ04', 'JQ02', 'QT04', 'SJ28', 'WD01', 'XN01']","['CC', 'XB', 'DC', 'GJ', 'JQ', 'QT', 'SJ', 'WD', 'XN']"
Jiahao,43168072227,8,13,"['CC38', 'UV01', 'XB65']","['CC08', 'DC07', 'ND01', 'PZ01', 'QT04', 'SJ01', 'UV03', 'WD01', 'XB06', 'XN01']","['CC', 'UV', 'XB', 'CC', 'DC', 'ND', 'PZ', 'QT', 'SJ', 'UV', 'WD', 'XB', 'XN']"
Jiahao,43736454825,8,13,"['CC06', 'SJ01', 'XB65']","['CC08', 'DC13', 'GJ04', 'JQ02', 'PZ08', 'QT04', 'SJ02', 'WD05', 'XB05', 'XN01']","['CC', 'SJ', 'XB', 'CC', 'DC', 'GJ', 'JQ', 'PZ', 'QT', 'SJ', 'WD', 'XB', 'XN']"
Jiahao,44231886556,8,,[],[],[]
Jiahao,44799642380,8,7,"['CC01', 'SJ28']","['BJ01', 'CC04', 'DC01', 'PZ01', 'SJ03']","['CC', 'SJ', 'BJ', 'CC', 'DC', 'PZ', 'SJ']"
Jiahao,45293052304,8,,[],[],[]
Jiahao,45410114111,8,11,"['CC06', 'SJ07', 'UV20', 'XB07']","['CC08,CC40,CC46,CC47', 'DC01', 'GJ04', 'PZ08', 'SJ03', 'UV03', 'XB06']","['CC', 'SJ', 'UV', 'XB', 'CC', 'DC', 'GJ', 'PZ', 'SJ', 'UV', 'XB']"
Jiahao,522145128789,8,4,['CC01'],"['CC08', 'DC01', 'SJ01']","['CC', 'CC', 'DC', 'SJ']"
Jiahao,523084126902,8,5,['CC07'],"['CC08,CC40,CC46,CC47', 'DC01', 'PZ02', 'SJ03']","['CC', 'CC', 'DC', 'PZ', 'SJ']"
Jiahao,18820622609,8,,[],[],[]
Jiahao,20186366493,8,4,['CC01'],"['CC33', 'DC01', 'SJ01']","['CC', 'CC', 'DC', 'SJ']"
Jiahao,20373091017,8,,[],[],[]
Jiahao,20728727154,8,15,"['CC17', 'DK13', 'UV53', 'XB52', 'YK05']","['CC43', 'DC01', 'DK16', 'PZ01', 'RG01', 'SJ15', 'UV52', 'XB58', 'XN07', 'YK01']","['CC', 'DK', 'UV', 'XB', 'YK', 'CC', 'DC', 'DK', 'PZ', 'RG', 'SJ', 'UV', 'XB', 'XN', 'YK']"
Jiahao,23896264169,8,10,"['CC19', 'UV34', 'XB05']","['CC47', 'DC02', 'SJ08', 'UV43', 'WD05', 'XB62', 'YK02']","['CC', 'UV', 'XB', 'CC', 'DC', 'SJ', 'UV', 'WD', 'XB', 'YK']"
Jiahao,24319152517,8,,[],[],[]
Jiahao,35674260254,8,6,['CC05'],"['CC08', 'DC01', 'MO09', 'ND01', 'RG02']","['CC', 'CC', 'DC', 'MO', 'ND', 'RG']"
Jiahao,36982442137,8,,[],[],[]
Jiahao,37745552927,8,,[],[],[]
Jiahao,37870465778,8,,[],[],[]
Jiahao,40112687054,8,,[],[],[]
Jiahao,40148868087,8,,[],[],[]
Jiahao,40175359932,8,,[],[],[]
Jiahao,42981617542,8,11,"['CC21', 'MO03']","['CC18', 'DC09', 'FH02', 'JB01', 'PZ07', 'SJ17', 'XN06', 'YK05', 'ZG09']","['CC', 'MO', 'CC', 'DC', 'FH', 'JB', 'PZ', 'SJ', 'XN', 'YK', 'ZG']"
Jiahao,44069100271,8,3,['CC06'],"['CC08', 'DC02']","['CC', 'CC', 'DC']"
Jiahao,522086451970,8,,[],[],[]
Jiahao,522743875767,8,3,['CC01'],"['CC04', 'DC01']","['CC', 'CC', 'DC']"
Jiahao,42681494957,8,,[],[],[]
Jiahao,37443266749,8,,[],[],[]
Jiahao,43452978184,8,,[],[],[]
Jiahao,25673844634,8,,[],[],[]
Jiahao,23924620234,8,,[],[],[]
Jiahao,40452911197,8,7,['CC24'],"['QT02', 'CC23', 'DC21', 'JB01', 'QC02', 'QT19']","['CC', 'QT', 'CC', 'DC', 'JB', 'QC', 'QT']"
Jiahao,43853759026,8,4,['CC06'],"['CC08', 'DC02', 'SJ01']","['CC', 'CC', 'DC', 'SJ']"
Jiahao,44881048637,8,,[],[],[]
Jiahao,522863996797,8,,[],[],[]
Jiahao,36513357018,8,,[],[],[]
Jiahao,18352298789,8,8,['CC16'],"['CC15', 'DC13', 'QT15', 'SJ16', 'PZ06', 'YK05', 'ZG18']","['CC', 'CC', 'DC', 'QT', 'SJ', 'PZ', 'YK', 'ZG']"
Jiahao,37241107923,8,,[],[],[]
Jiahao,23969324559,8,13,"['CC24', 'UV36', 'XB35']","['CC18', 'DC02', 'GJ03', 'JB01', 'ND03', 'RG03', 'UV54', 'WD04', 'XB06', 'XN01']","['CC', 'UV', 'XB', 'CC', 'DC', 'GJ', 'JB', 'ND', 'RG', 'UV', 'WD', 'XB', 'XN']"
Jiahao,24291960195,8,,[],[],[]
Jiahao,43426870825,8,,[],[],[]
Jiahao,38631814095,8,,[],[],[]
Jiahao,36574928690,8,,[],[],[]
Jiahao,44331296085,8,,[],[],[]
Jiahao,37908516066,8,,[],[],[]
Jiahao,41583985792,8,,[],[],[]
Jiahao,35557065616,8,,[],[],[]
Jiahao,43473279886,8,,[],[],[]
Jiahao,,8,,[],[],[]
