bundle_index,dic_index
2,CC
2,CC
2,CC
2,DC
2,JB
2,DC
2,CC
2,DK
2,QC
2,CC
2,XB
2,CC
2,XB
2,EJ
2,YD
2,CC
2,CC
2,CC
2,CC
2,CC
2,CC
2,UV
2,DC
2,UV
2,PZ
2,DC
2,CC
2,CC
2,UV
2,UV
2,MO
2,YK
2,CC
2,CC
2,CC
2,CC
2,CC
2,CC
2,CC
2,CC
2,CC
2,CC
2,CC
2,CC
2,XB
2,DC
2,SP
2,XB
2,CC
2,UV
2,CC
2,UV
2,CC
2,CC
2,CC
2,CC
2,CC
2,CC
2,DC
2,CC
2,YK
2,CC
2,CC
2,WD
2,CC
2,CC
2,CC
2,FW
2,CC
2,DC
2,FD
2,FW
2,JB
2,JD
2,UV
2,CC
2,CC
2,CC
2,CC
2,CC
2,CC
2,CC
2,CC
2,SJ
2,CC
2,CC
2,CC
2,CC
2,DC
2,CC
2,CC
2,SJ
2,CC
2,CC
2,CC
2,YK
2,CC
2,DC
2,RG
2,YK
2,UV
2,DC
2,UV
2,YK
2,CC
2,CC
2,FD
2,QT
2,CC
2,CC
2,CC
2,UV
2,CC
2,CC
2,DK
2,RG
2,UV
2,UV
2,WD
2,XB
2,YK
2,CC
2,CC
2,DC
2,FD
2,UV
2,CC
2,CC
2,CC
2,CC
2,DC
2,JB
2,CC
2,CC
2,CC
2,CC
2,CC
2,CC
2,CC
2,XB
2,CC
2,DC
2,JB
2,XB
2,XN
2,CC
2,CC
2,CC
2,UV
2,CC
2,UV
2,YK
2,CC
2,CC
2,FW
2,SP
2,UV
2,XN
2,XN
2,ZG
2,CC
2,CC
2,ND
2,YK
2,CC
2,CC
2,CC
2,CC
2,CC
2,CC
2,MO
2,YK
2,CC
2,BU
2,CC
2,DK
2,FD
2,QT
2,SP
2,JD
2,UV
2,WD
2,YK
2,ZG
2,DC
2,YK
2,MO
2,DC
2,MO
2,CC
2,XB
2,CC
2,DC
2,JB
2,XB
2,XN
2,CC
2,CC
2,UV
2,CC
2,CC
2,DK
2,WD
2,CC
2,XB
2,YK
2,CC
2,FD
2,XB
2,XN
2,UV
2,ZG
2,CC
2,CC
2,SJ
2,DC
2,CC
3,CC
3,CC
3,CC
3,CC
3,CC
3,DC
3,JB
3,ZG
3,CC
3,DK
3,QC
3,UV
3,CC
3,XB
3,DC
3,CC
3,XB
3,CC
3,XB
3,DC
3,EJ
3,YD
3,CC
3,CC
3,CC
3,CC
3,CC
3,CC
3,UV
3,DC
3,PZ
3,CC
3,UV
3,CC
3,UV
3,DC
3,XB
3,XB
3,DC
3,RG
3,YK
3,CC
3,UV
3,XB
3,CC
3,UV
3,XB
3,ZG
3,FW
3,CC
3,CC
3,MO
3,YK
3,GJ
3,CC
3,CC
3,CC
3,SJ
3,CC
3,XB
3,XB
3,DC
3,MO
3,XN
3,YK
3,XB
3,ND
3,CC
3,CC
3,CC
3,XB
3,CC
3,GJ
3,QT
3,XB
3,CC
3,XB
3,CC
3,DC
3,SP
3,XB
3,CC
3,CC
3,DC
3,FW
3,ND
3,XB
3,XN
3,YK
3,CC
3,CC
3,CC
3,CC
3,CC
3,CC
3,DC
3,CC
3,XB
3,QT
3,WD
3,XB
3,CC
3,XB
3,CC
3,WD
3,XB
3,CC
3,XB
3,CC
3,QT
3,WD
3,XB
3,BU
3,CC
3,FW
3,QC
3,CC
3,DC
3,FD
3,FW
3,JD
3,PZ
3,QT
3,RG
3,SJ
3,UV
3,CC
3,CC
3,CC
3,CC
3,CC
3,CC
3,CC
3,CC
3,SJ
3,DC
3,CC
3,UV
3,CC
3,DC
3,UV
3,CC
3,CC
3,SJ
3,CC
3,CC
3,CC
3,UV
3,YK
3,CC
3,DC
3,UV
3,XN
3,YK
3,CC
3,UV
3,CC
3,UV
3,YK
3,CC
3,UV
3,XB
3,CC
3,DC
3,FD
3,JB
3,QT
3,UV
3,WD
3,XB
3,YK
3,CC
3,CC
3,CC
3,DK
3,MO
3,UV
3,XB
3,CC
3,DK
3,UV
3,WD
3,XB
3,ZG
3,CC
3,CC
3,DC
3,FD
3,RG
3,SJ
3,UV
3,CC
3,CC
3,CC
3,CC
3,CC
3,CC
3,DC
3,JB
3,ZG
3,CC
3,CC
3,CC
3,CC
3,CC
3,CC
3,CC
3,XB
3,CC
3,DC
3,JB
3,ND
3,RG
3,XB
3,XN
3,CC
3,CC
3,CC
3,UV
3,CC
3,SJ
3,UV
3,CC
3,CC
3,FW
3,SP
3,UV
3,XN
3,XN
3,ZG
3,CC
3,CC
3,ND
3,YK
3,CC
3,CC
3,CC
3,CC
3,CC
3,UV
3,XB
3,CC
3,MO
3,UV
3,XB
3,YK
3,CC
3,BU
3,CC
3,DC
3,DK
3,FD
3,QT
3,SP
3,JD
3,UV
3,WD
3,YK
3,ZG
3,DC
3,YK
3,ZG
3,CC
3,XB
3,CC
3,DC
3,JB
3,ND
3,RG
3,XB
3,XN
3,CC
3,XB
3,CC
3,DC
3,UV
3,XB
3,ZG
3,CC
3,CC
3,DC
3,DK
3,WD
3,CC
3,UV
3,XB
3,YK
3,CC
3,FD
3,PZ
3,UV
3,XB
3,XN
3,CC
3,ND
3,CC
3,DC
3,UV
3,XB
3,ZG
3,CC
3,DK
3,XB
3,CC
3,DK
3,QT
3,SJ
3,WD
3,XB
3,YK
3,DC
3,CC
4,CC
4,DC
4,CC
4,MO
4,CC
4,FH
4,DC
4,JB
4,ZG
4,YK
4,CC
4,CC
4,XB
4,CC
4,XB
4,DC
4,RG
4,ND
4,EJ
4,YD
4,CC
4,CC
4,CC
4,CC
4,XN
4,PZ
4,CC
4,CC
4,UV
4,DC
4,PZ
4,CC
4,UV
4,XB
4,DK
4,CC
4,UV
4,XB
4,DK
4,DC
4,CC
4,XB
4,CC
4,XB
4,DC
4,RG
4,YK
4,CC
4,UV
4,XB
4,CC
4,UV
4,XB
4,ZG
4,FW
4,MO
4,YK
4,SJ
4,DC
4,CC
4,CC
4,MO
4,DC
4,SJ
4,CC
4,XB
4,CC
4,XB
4,DC
4,MO
4,UV
4,PZ
4,CC
4,CC
4,XN
4,YK
4,XB
4,ND
4,BU
4,CC
4,CC
4,GJ
4,DC
4,QT
4,SJ
4,WD
4,XN
4,YK
4,XB
4,DC
4,GJ
4,QT
4,SJ
4,XB
4,XN
4,CC
4,WD
4,XB
4,CC
4,DC
4,ND
4,SP
4,XB
4,CC
4,CC
4,DC
4,CC
4,CC
4,FW
4,ND
4,XB
4,XN
4,YK
4,CC
4,CC
4,PZ
4,XN
4,CC
4,CC
4,PZ
4,XN
4,CC
4,CC
4,DC
4,CC
4,XB
4,CC
4,DC
4,GJ
4,QT
4,SJ
4,WD
4,XB
4,CC
4,DK
4,XB
4,CC
4,DC
4,DK
4,ND
4,QT
4,SJ
4,UV
4,WD
4,XB
4,CC
4,SJ
4,XB
4,CC
4,DC
4,GJ
4,QT
4,SJ
4,WD
4,XB
4,BU
4,CC
4,FW
4,QC
4,CC
4,DC
4,FD
4,FW
4,GJ
4,JD
4,QT
4,RG
4,SJ
4,SP
4,UV
4,WJ
4,XN
4,CC
4,CC
4,DC
4,FW
4,SJ
4,CC
4,CC
4,DC
4,PZ
4,CC
4,CC
4,DC
4,SJ
4,DC
4,DC
4,CC
4,UV
4,YK
4,CC
4,DC
4,SJ
4,UV
4,XN
4,YK
4,CC
4,UV
4,CC
4,DC
4,UV
4,WD
4,YK
4,CC
4,UV
4,XB
4,CC
4,DC
4,FD
4,JB
4,QT
4,UV
4,WD
4,XB
4,YK
4,CC
4,CC
4,CC
4,DK
4,MO
4,UV
4,XB
4,CC
4,DK
4,UV
4,XB
4,ZG
4,CC
4,CC
4,DC
4,FD
4,GJ
4,RG
4,SJ
4,SP
4,UV
4,WJ
4,XN
4,SJ
4,SJ
4,DC
4,CC
4,MO
4,CC
4,DC
4,FH
4,JB
4,YK
4,ZG
4,DC
4,CC
4,CC
4,DC
4,UV
4,CC
4,CC
4,CC
4,UV
4,XB
4,CC
4,DC
4,GJ
4,JB
4,ND
4,RG
4,UV
4,WD
4,XB
4,XN
4,DC
4,CC
4,UV
4,CC
4,SJ
4,UV
4,YK
4,CC
4,CC
4,FW
4,SP
4,UV
4,XN
4,XN
4,ZG
4,DC
4,GJ
4,ND
4,PZ
4,SJ
4,YK
4,CC
4,CC
4,DC
4,CC
4,UV
4,XB
4,CC
4,DK
4,QT
4,SJ
4,MO
4,UV
4,XB
4,YK
4,CC
4,BU
4,CC
4,DC
4,DK
4,FD
4,QT
4,SP
4,JD
4,UV
4,WD
4,YK
4,ZG
4,DC
4,QT
4,YK
4,ZG
4,CC
4,UV
4,XB
4,CC
4,DC
4,GJ
4,JB
4,ND
4,RG
4,UV
4,WD
4,XB
4,XN
4,CC
4,XB
4,CC
4,DC
4,UV
4,XB
4,ZG
4,CC
4,CC
4,DC
4,DK
4,WD
4,CC
4,ND
4,CC
4,DC
4,UV
4,XB
4,ZG
4,CC
5,CC
5,CC
5,DC
5,CC
5,MO
5,CC
5,FH
5,DC
5,JB
5,ZG
5,YK
5,CC
5,XB
5,UV
5,CC
5,XB
5,UV
5,DC
5,RG
5,ND
5,WD
5,EJ
5,YD
5,DC
5,DC
5,CC
5,CC
5,UV
5,DC
5,PZ
5,CC
5,UV
5,XB
5,DK
5,CC
5,UV
5,XB
5,DK
5,DC
5,QT
5,SJ
5,CC
5,XB
5,CC
5,XB
5,DC
5,RG
5,YK
5,ND
5,CC
5,UV
5,XB
5,CC
5,UV
5,XB
5,ZG
5,FW
5,DC
5,YK
5,SJ
5,CC
5,CC
5,MO
5,YK
5,SJ
5,DC
5,SJ
5,DC
5,BJ
5,PZ
5,SJ
5,CC
5,SJ
5,CC
5,DC
5,SJ
5,CC
5,XB
5,CC
5,XB
5,DC
5,MO
5,UV
5,PZ
5,CC
5,CC
5,XN
5,YK
5,XB
5,ND
5,CC
5,CC
5,GJ
5,DC
5,QT
5,SJ
5,WD
5,XN
5,YK
5,CC
5,XB
5,BJ
5,CC
5,DC
5,GJ
5,QT
5,SJ
5,XB
5,XN
5,CC
5,XB
5,CC
5,DC
5,ND
5,SJ
5,SP
5,XB
5,CC
5,XB
5,CC
5,DC
5,PZ
5,SJ
5,XB
5,CC
5,CC
5,FW
5,ND
5,XB
5,XN
5,YK
5,DC
5,DC
5,CC
5,XB
5,CC
5,DC
5,GJ
5,QT
5,SJ
5,WD
5,XB
5,CC
5,DK
5,XB
5,CC
5,DC
5,DK
5,ND
5,QT
5,SJ
5,UV
5,WD
5,XB
5,CC
5,SJ
5,XB
5,CC
5,DC
5,GJ
5,QT
5,SJ
5,WD
5,XB
5,SJ
5,BJ
5,DC
5,PZ
5,SJ
5,CC
5,CC
5,DC
5,FW
5,SJ
5,CC
5,SJ
5,CC
5,DC
5,PZ
5,SJ
5,DC
5,SJ
5,DC
5,CC
5,CC
5,DC
5,SJ
5,CC
5,DK
5,UV
5,XB
5,YK
5,CC
5,DC
5,RG
5,SJ
5,UV
5,XB
5,XN
5,YK
5,CC
5,UV
5,CC
5,DC
5,SJ
5,UV
5,WD
5,YK
5,CC
5,UV
5,XB
5,CC
5,DC
5,FD
5,JB
5,QT
5,SJ
5,UV
5,WD
5,XB
5,YK
5,CC
5,CC
5,DC
5,CC
5,DK
5,MO
5,UV
5,XB
5,CC
5,DC
5,DK
5,FW
5,SJ
5,UV
5,XB
5,YK
5,ZG
5,XB
5,SJ
5,XB
5,
5,CC
5,SJ
5,CC
5,SJ
5,CC
5,CC
5,DC
5,CC
5,MO
5,CC
5,DC
5,FH
5,JB
5,YK
5,ZG
5,CC
5,CC
5,DC
5,CC
5,CC
5,DC
5,UV
5,DC
5,CC
5,UV
5,XB
5,CC
5,DC
5,GJ
5,JB
5,ND
5,RG
5,UV
5,WD
5,XB
5,XN
5,CC
5,CC
5,DC
5,CC
5,CC
5,DC
5,GJ
5,ND
5,PZ
5,SJ
5,YK
5,QT
5,DC
5,JB
5,QC
5,QT
5,CC
5,CC
5,DC
5,BU
5,CC
5,DC
5,DK
5,FD
5,QT
5,SP
5,JD
5,UV
5,WD
5,YK
5,ZG
5,CC
5,CC
5,DC
5,QT
5,YK
5,ZG
5,CC
5,UV
5,XB
5,CC
5,DC
5,GJ
5,JB
5,ND
5,RG
5,UV
5,WD
5,XB
5,XN
5,CC
5,XB
5,CC
5,DC
5,UV
5,XB
5,ZG
5,CC
5,CC
5,DC
5,DK
5,WD
5,CC
5,ND
5,XB
5,CC
5,DC
5,UV
5,ZG
5,CC
6,CC
6,CC
6,DC
6,CC
6,MO
6,CC
6,FH
6,DC
6,JB
6,ZG
6,YK
6,PZ
6,CC
6,XB
6,UV
6,CC
6,XB
6,UV
6,DC
6,RG
6,ND
6,WD
6,BD
6,EJ
6,YD
6,CC
6,DC
6,CC
6,CC
6,CC
6,SJ
6,DC
6,CC
6,UV
6,XB
6,DK
6,CC
6,UV
6,XB
6,DK
6,DC
6,QT
6,SJ
6,SJ
6,XB
6,SJ
6,XB
6,DC
6,RG
6,YK
6,ND
6,PZ
6,CC
6,UV
6,XB
6,CC
6,UV
6,XB
6,ZG
6,FW
6,DC
6,YK
6,SJ
6,MO
6,YK
6,SJ
6,DC
6,XN
6,CC
6,SJ
6,JC
6,CC
6,DC
6,BJ
6,PZ
6,SJ
6,CC
6,SJ
6,CC
6,DC
6,SJ
6,CC
6,XB
6,CC
6,XB
6,DC
6,MO
6,CC
6,CC
6,XN
6,YK
6,XB
6,ND
6,XB
6,XB
6,WJ
6,XN
6,CC
6,CC
6,GJ
6,DC
6,ND
6,PZ
6,QT
6,SJ
6,WD
6,XN
6,YK
6,XB
6,BJ
6,DC
6,GJ
6,QT
6,SJ
6,XB
6,XN
6,XN
6,CC
6,XB
6,CC
6,DC
6,PZ
6,SJ
6,XB
6,CC
6,CC
6,FW
6,ND
6,WJ
6,XB
6,XN
6,XN
6,YK
6,CC
6,CC
6,DC
6,SJ
6,CC
6,CC
6,DC
6,SJ
6,FD
6,XB
6,YK
6,DC
6,GJ
6,QT
6,SJ
6,WD
6,XB
6,XN
6,UV
6,CC
6,DK
6,XB
6,CC
6,DC
6,DK
6,ND
6,QT
6,SJ
6,UV
6,WD
6,XB
6,SJ
6,XB
6,DC
6,GJ
6,QT
6,SJ
6,WD
6,XB
6,XN
6,CC
6,SJ
6,BJ
6,CC
6,DC
6,PZ
6,SJ
6,CC
6,CC
6,DC
6,FW
6,SJ
6,SJ
6,XB
6,DC
6,GJ
6,PZ
6,SJ
6,XB
6,CC
6,CC
6,DC
6,SJ
6,CC
6,CC
6,DC
6,CC
6,CC
6,DC
6,SJ
6,CC
6,DK
6,UV
6,XB
6,YK
6,CC
6,DC
6,RG
6,SJ
6,UV
6,XB
6,XN
6,YK
6,CC
6,UV
6,XB
6,CC
6,DC
6,SJ
6,UV
6,WD
6,XB
6,YK
6,CC
6,CC
6,DC
6,CC
6,DK
6,MO
6,UV
6,XB
6,CC
6,DC
6,DK
6,FW
6,SJ
6,UV
6,XB
6,YK
6,ZG
6,CC
6,SJ
6,CC
6,SJ
6,CC
6,CC
6,DC
6,CC
6,MO
6,CC
6,DC
6,FH
6,JB
6,PZ
6,YK
6,ZG
6,DC
6,CC
6,CC
6,DC
6,UV
6,CC
6,CC
6,DC
6,CC
6,CC
6,DC
6,CC
6,CC
6,DC
6,GJ
6,ND
6,PZ
6,SJ
6,YK
6,CC
6,QT
6,CC
6,DC
6,JB
6,QC
6,QT
6,DC
6,SJ
6,CC
6,CC
6,DC
6,QT
6,YK
6,ZG
6,CC
6,UV
6,XB
6,CC
6,DC
6,GJ
6,JB
6,ND
6,RG
6,UV
6,WD
6,XB
6,XN
6,CC
6,XB
6,CC
6,DC
6,UV
6,XB
6,ZG
7,CC
7,CC
7,DC
7,SJ
7,XN
7,CC
7,CC
7,DC
7,JB
7,ZG
7,PZ
7,XN
7,SJ
7,CC
7,DC
7,CC
7,CC
7,CC
7,SJ
7,DC
7,CC
7,UV
7,XB
7,DK
7,CC
7,UV
7,XB
7,DK
7,DC
7,QT
7,SJ
7,SJ
7,CC
7,XB
7,SJ
7,CC
7,XB
7,DC
7,RG
7,YK
7,ND
7,PZ
7,CC
7,UV
7,XB
7,CC
7,UV
7,XB
7,ZG
7,FW
7,DC
7,YK
7,SJ
7,CC
7,CC
7,MO
7,YK
7,SJ
7,DC
7,XN
7,GJ
7,CC
7,SJ
7,CC
7,DC
7,BJ
7,PZ
7,SJ
7,CC
7,XB
7,SJ
7,CC
7,XB
7,SJ
7,DC
7,MO
7,ND
7,CC
7,CC
7,XN
7,YK
7,XB
7,ND
7,XB
7,XB
7,WJ
7,XN
7,CC
7,CC
7,GJ
7,DC
7,ND
7,PZ
7,QT
7,SJ
7,WD
7,XN
7,YK
7,CC
7,XB
7,BJ
7,CC
7,DC
7,GJ
7,JQ
7,QT
7,SJ
7,XB
7,XN
7,XN
7,CC
7,CC
7,FW
7,ND
7,WJ
7,XB
7,XN
7,XN
7,YK
7,CC
7,CC
7,DC
7,SJ
7,CC
7,CC
7,DC
7,SJ
7,CC
7,XB
7,CC
7,CC
7,DC
7,GJ
7,JQ
7,QT
7,SJ
7,WD
7,XB
7,XN
7,CC
7,UV
7,XB
7,CC
7,DC
7,ND
7,PZ
7,QT
7,SJ
7,UV
7,WD
7,XB
7,XN
7,CC
7,SJ
7,XB
7,CC
7,DC
7,GJ
7,QT
7,SJ
7,WD
7,XB
7,XN
7,CC
7,SJ
7,BJ
7,CC
7,DC
7,PZ
7,SJ
7,CC
7,SJ
7,UV
7,XB
7,CC
7,DC
7,GJ
7,PZ
7,SJ
7,UV
7,XB
7,CC
7,CC
7,DC
7,SJ
7,DC
7,PZ
7,SJ
7,CC
7,CC
7,DC
7,SJ
7,CC
7,DK
7,UV
7,XB
7,YK
7,CC
7,DC
7,ND
7,SJ
7,UV
7,XB
7,XN
7,YK
7,CC
7,UV
7,XB
7,CC
7,DC
7,SJ
7,UV
7,WD
7,XB
7,YK
7,CC
7,CC
7,DC
7,CC
7,DK
7,MO
7,UV
7,XB
7,CC
7,DC
7,DK
7,FW
7,SJ
7,UV
7,XB
7,YK
7,ZG
7,CC
7,SJ
7,CC
7,SJ
7,CC
7,CC
7,DC
7,CC
7,CC
7,DC
7,JB
7,PZ
7,SJ
7,XN
7,ZG
7,CC
7,CC
7,DC
7,CC
7,CC
7,DC
7,CC
7,QT
7,CC
7,DC
7,JB
7,QC
7,QT
7,CC
7,CC
7,DC
7,SJ
7,CC
7,CC
7,DC
7,QT
7,SJ
7,YK
7,ZG
7,CC
7,UV
7,XB
7,CC
7,DC
7,GJ
7,JB
7,ND
7,RG
7,UV
7,WD
7,XB
7,XN
7,CC
7,XB
7,CC
7,DC
7,UV
7,XB
7,ZG
8,CC
8,XB
8,CC
8,XB
8,DC
8,SJ
8,XN
8,CC
8,MO
8,CC
8,FH
8,DC
8,JB
8,ZG
8,YK
8,PZ
8,XN
8,SJ
8,CC
8,DC
8,CC
8,CC
8,CC
8,PZ
8,XN
8,SJ
8,DC
8,SJ
8,CC
8,XB
8,SJ
8,CC
8,XB
8,DC
8,RG
8,YK
8,BD
8,PZ
8,CC
8,CC
8,MO
8,YK
8,SJ
8,DC
8,XN
8,GJ
8,PZ
8,CC
8,SJ
8,CC
8,DC
8,BJ
8,PZ
8,SJ
8,CC
8,XB
8,SJ
8,CC
8,XB
8,SJ
8,DC
8,MO
8,ND
8,CC
8,CC
8,GJ
8,DC
8,ND
8,PZ
8,QT
8,SJ
8,WD
8,XN
8,YK
8,CC
8,XB
8,BJ
8,CC
8,DC
8,GJ
8,JQ
8,QT
8,SJ
8,XB
8,XN
8,XN
8,CC
8,CC
8,FW
8,GJ
8,HJ
8,ND
8,WJ
8,XB
8,XN
8,XN
8,YK
8,CC
8,CC
8,DC
8,PZ
8,SJ
8,XN
8,CC
8,CC
8,DC
8,PZ
8,SJ
8,XN
8,CC
8,XB
8,DC
8,GJ
8,JQ
8,QT
8,SJ
8,WD
8,XN
8,CC
8,UV
8,XB
8,CC
8,DC
8,ND
8,PZ
8,QT
8,SJ
8,UV
8,WD
8,XB
8,XN
8,CC
8,SJ
8,XB
8,CC
8,DC
8,GJ
8,JQ
8,PZ
8,QT
8,SJ
8,WD
8,XB
8,XN
8,CC
8,SJ
8,BJ
8,CC
8,DC
8,PZ
8,SJ
8,CC
8,SJ
8,UV
8,XB
8,CC
8,DC
8,GJ
8,PZ
8,SJ
8,UV
8,XB
8,CC
8,CC
8,DC
8,SJ
8,CC
8,CC
8,DC
8,PZ
8,SJ
8,CC
8,CC
8,DC
8,SJ
8,CC
8,DK
8,UV
8,XB
8,YK
8,CC
8,DC
8,DK
8,PZ
8,RG
8,SJ
8,UV
8,XB
8,XN
8,YK
8,CC
8,UV
8,XB
8,CC
8,DC
8,SJ
8,UV
8,WD
8,XB
8,YK
8,CC
8,CC
8,DC
8,MO
8,ND
8,RG
8,CC
8,MO
8,CC
8,DC
8,FH
8,JB
8,PZ
8,SJ
8,XN
8,YK
8,ZG
8,CC
8,CC
8,DC
8,CC
8,CC
8,DC
8,CC
8,QT
8,CC
8,DC
8,JB
8,QC
8,QT
8,CC
8,CC
8,DC
8,SJ
8,CC
8,CC
8,DC
8,QT
8,SJ
8,PZ
8,YK
8,ZG
8,CC
8,UV
8,XB
8,CC
8,DC
8,GJ
8,JB
8,ND
8,RG
8,UV
8,WD
8,XB
8,XN
